Date,CountryName,UniqueUsers,Regional Response,Including Regional Response
2016-07,Afghanistan,49,133,133
2016-07,Burkina Faso,6,,6
2016-07,Burundi,9,,9
2016-07,Cameroon,18,,18
2016-07,Central African Republic,2,,2
2016-07,Chad,1,,1
2016-07,Colombia,153,,153
2016-07,Democratic Republic of Congo,35,172,172
2016-07,Ethiopia,62,,62
2016-07,Haiti,16,,16
2016-07,Iraq,66,,66
2016-07,Libya,2,,2
2016-07,Mali,58,,58
2016-07,Mozambique,10,,10
2016-07,Myanmar,37,86,86
2016-07,Niger,13,,13
2016-07,Nigeria,74,,74
2016-07,occupied Palestinian territory,5,,5
2016-07,Somalia,39,,39
2016-07,South Sudan,20,883,883
2016-07,Sudan,0,,0
2016-07,Syria,0,494,494
2016-07,Ukraine,42,129,129
2016-07,Venezuela (Bolivarian Republic of),11,635,635
2016-07,Yemen,28,,28
2016-08,Afghanistan,72,202,202
2016-08,Burkina Faso,12,,12
2016-08,Burundi,18,,18
2016-08,Cameroon,25,,25
2016-08,Central African Republic,5,,5
2016-08,Chad,3,,3
2016-08,Colombia,237,,237
2016-08,Democratic Republic of Congo,26,208,208
2016-08,Ethiopia,112,,112
2016-08,Haiti,13,,13
2016-08,Iraq,120,,120
2016-08,Libya,12,,12
2016-08,Mali,45,,45
2016-08,Mozambique,8,,8
2016-08,Myanmar,67,140,140
2016-08,Niger,20,,20
2016-08,Nigeria,138,,138
2016-08,occupied Palestinian territory,11,,11
2016-08,Somalia,63,,63
2016-08,South Sudan,18,1010,1010
2016-08,Sudan,0,,0
2016-08,Syria,0,611,611
2016-08,Ukraine,51,153,153
2016-08,Venezuela (Bolivarian Republic of),20,769,769
2016-08,Yemen,29,,29
2016-09,Afghanistan,45,191,191
2016-09,Burkina Faso,12,,12
2016-09,Burundi,14,,14
2016-09,Cameroon,45,,45
2016-09,Central African Republic,5,,5
2016-09,Chad,3,,3
2016-09,Colombia,255,,255
2016-09,Democratic Republic of Congo,21,248,248
2016-09,Ethiopia,68,,68
2016-09,Haiti,28,,28
2016-09,Iraq,123,,123
2016-09,Libya,5,,5
2016-09,Mali,64,,64
2016-09,Mozambique,8,,8
2016-09,Myanmar,35,95,95
2016-09,Niger,26,,26
2016-09,Nigeria,143,,143
2016-09,occupied Palestinian territory,9,,9
2016-09,Somalia,43,,43
2016-09,South Sudan,23,1007,1007
2016-09,Sudan,0,,0
2016-09,Syria,0,521,521
2016-09,Ukraine,49,161,161
2016-09,Venezuela (Bolivarian Republic of),20,766,766
2016-09,Yemen,27,,27
2016-10,Afghanistan,82,196,196
2016-10,Burkina Faso,13,,13
2016-10,Burundi,12,,12
2016-10,Cameroon,53,,53
2016-10,Central African Republic,16,,16
2016-10,Chad,1,,1
2016-10,Colombia,386,,386
2016-10,Democratic Republic of Congo,24,226,226
2016-10,Ethiopia,73,,73
2016-10,Haiti,446,,446
2016-10,Iraq,160,,160
2016-10,Libya,12,,12
2016-10,Mali,55,,55
2016-10,Mozambique,6,,6
2016-10,Myanmar,86,164,164
2016-10,Niger,26,,26
2016-10,Nigeria,147,,147
2016-10,occupied Palestinian territory,19,,19
2016-10,Somalia,51,,51
2016-10,South Sudan,43,1198,1198
2016-10,Sudan,0,,0
2016-10,Syria,0,1523,1523
2016-10,Ukraine,57,195,195
2016-10,Venezuela (Bolivarian Republic of),19,1009,1009
2016-10,Yemen,46,,46
2016-11,Afghanistan,78,237,237
2016-11,Burkina Faso,7,,7
2016-11,Burundi,21,,21
2016-11,Cameroon,37,,37
2016-11,Central African Republic,7,,7
2016-11,Chad,1,,1
2016-11,Colombia,257,,257
2016-11,Democratic Republic of Congo,23,265,265
2016-11,Ethiopia,84,,84
2016-11,Haiti,197,,197
2016-11,Iraq,155,,155
2016-11,Libya,13,,13
2016-11,Mali,58,,58
2016-11,Mozambique,9,,9
2016-11,Myanmar,83,145,145
2016-11,Niger,28,,28
2016-11,Nigeria,186,,186
2016-11,occupied Palestinian territory,13,,13
2016-11,Somalia,39,,39
2016-11,South Sudan,38,1027,1027
2016-11,Sudan,0,,0
2016-11,Syria,0,2323,2323
2016-11,Ukraine,70,224,224
2016-11,Venezuela (Bolivarian Republic of),21,780,780
2016-11,Yemen,32,,32
2016-12,Afghanistan,68,201,201
2016-12,Burkina Faso,7,,7
2016-12,Burundi,16,,16
2016-12,Cameroon,34,,34
2016-12,Central African Republic,2,,2
2016-12,Chad,1,,1
2016-12,Colombia,179,,179
2016-12,Democratic Republic of Congo,33,171,171
2016-12,Ethiopia,70,,70
2016-12,Haiti,83,,83
2016-12,Iraq,112,,112
2016-12,Libya,9,,9
2016-12,Mali,51,,51
2016-12,Mozambique,5,,5
2016-12,Myanmar,84,170,170
2016-12,Niger,23,,23
2016-12,Nigeria,142,,142
2016-12,occupied Palestinian territory,14,,14
2016-12,Somalia,36,,36
2016-12,South Sudan,34,744,744
2016-12,Sudan,1,,1
2016-12,Syria,2,2754,2754
2016-12,Ukraine,51,250,250
2016-12,Venezuela (Bolivarian Republic of),8,589,589
2016-12,Yemen,54,,54
2017-01,Afghanistan,118,295,295
2017-01,Burkina Faso,22,,22
2017-01,Burundi,26,,26
2017-01,Cameroon,21,,21
2017-01,Central African Republic,7,,7
2017-01,Chad,2,,2
2017-01,Colombia,138,,138
2017-01,Democratic Republic of Congo,21,227,227
2017-01,Ethiopia,86,,86
2017-01,Haiti,88,,88
2017-01,Iraq,143,,143
2017-01,Libya,14,,14
2017-01,Mali,39,,39
2017-01,Mozambique,11,,11
2017-01,Myanmar,109,212,212
2017-01,Niger,21,,21
2017-01,Nigeria,181,,181
2017-01,occupied Palestinian territory,11,,11
2017-01,Somalia,36,,36
2017-01,South Sudan,49,1086,1086
2017-01,Sudan,1,,1
2017-01,Syria,1,1670,1670
2017-01,Ukraine,46,201,201
2017-01,Venezuela (Bolivarian Republic of),18,548,548
2017-01,Yemen,51,,51
2017-02,Afghanistan,98,243,243
2017-02,Burkina Faso,36,,36
2017-02,Burundi,16,,16
2017-02,Cameroon,41,,41
2017-02,Central African Republic,5,,5
2017-02,Chad,4,,4
2017-02,Colombia,197,,197
2017-02,Democratic Republic of Congo,43,231,231
2017-02,Ethiopia,77,,77
2017-02,Haiti,68,,68
2017-02,Iraq,116,,116
2017-02,Libya,13,,13
2017-02,Mali,51,,51
2017-02,Mozambique,15,,15
2017-02,Myanmar,63,155,155
2017-02,Niger,20,,20
2017-02,Nigeria,194,,194
2017-02,occupied Palestinian territory,15,,15
2017-02,Somalia,51,,51
2017-02,South Sudan,40,1154,1154
2017-02,Sudan,1,,1
2017-02,Syria,3,1165,1165
2017-02,Ukraine,46,211,211
2017-02,Venezuela (Bolivarian Republic of),18,581,581
2017-02,Yemen,56,,56
2017-03,Afghanistan,129,326,326
2017-03,Burkina Faso,15,,15
2017-03,Burundi,19,,19
2017-03,Cameroon,54,,54
2017-03,Central African Republic,19,,19
2017-03,Chad,7,,7
2017-03,Colombia,206,,206
2017-03,Democratic Republic of Congo,52,312,312
2017-03,Ethiopia,105,,105
2017-03,Haiti,55,,55
2017-03,Iraq,132,,132
2017-03,Libya,23,,23
2017-03,Mali,100,,100
2017-03,Mozambique,13,,13
2017-03,Myanmar,69,178,178
2017-03,Niger,31,,31
2017-03,Nigeria,256,,256
2017-03,occupied Palestinian territory,18,,18
2017-03,Somalia,52,,52
2017-03,South Sudan,58,1202,1202
2017-03,Sudan,62,,62
2017-03,Syria,2,1450,1450
2017-03,Ukraine,73,329,329
2017-03,Venezuela (Bolivarian Republic of),23,742,742
2017-03,Yemen,80,,80
2017-04,Afghanistan,140,324,324
2017-04,Burkina Faso,13,,13
2017-04,Burundi,20,,20
2017-04,Cameroon,58,,58
2017-04,Central African Republic,19,,19
2017-04,Chad,4,,4
2017-04,Colombia,211,,211
2017-04,Democratic Republic of Congo,48,287,287
2017-04,Ethiopia,109,,109
2017-04,Haiti,48,,48
2017-04,Iraq,159,,159
2017-04,Libya,25,,25
2017-04,Mali,65,,65
2017-04,Mozambique,9,,9
2017-04,Myanmar,67,189,189
2017-04,Niger,27,,27
2017-04,Nigeria,216,,216
2017-04,occupied Palestinian territory,25,,25
2017-04,Somalia,101,,101
2017-04,South Sudan,56,1205,1205
2017-04,Sudan,70,,70
2017-04,Syria,2,847,847
2017-04,Ukraine,75,282,282
2017-04,Venezuela (Bolivarian Republic of),11,783,783
2017-04,Yemen,96,,96
2017-05,Afghanistan,102,293,293
2017-05,Burkina Faso,13,,13
2017-05,Burundi,28,,28
2017-05,Cameroon,56,,56
2017-05,Central African Republic,9,,9
2017-05,Chad,4,,4
2017-05,Colombia,255,,255
2017-05,Democratic Republic of Congo,51,333,333
2017-05,Ethiopia,124,,124
2017-05,Haiti,55,,55
2017-05,Iraq,137,,137
2017-05,Libya,22,,22
2017-05,Mali,51,,51
2017-05,Mozambique,11,,11
2017-05,Myanmar,86,225,225
2017-05,Niger,34,,34
2017-05,Nigeria,257,,257
2017-05,occupied Palestinian territory,25,,25
2017-05,Somalia,76,,76
2017-05,South Sudan,70,1344,1344
2017-05,Sudan,51,,51
2017-05,Syria,2,850,850
2017-05,Ukraine,65,304,304
2017-05,Venezuela (Bolivarian Republic of),14,852,852
2017-05,Yemen,98,,98
2017-06,Afghanistan,75,188,188
2017-06,Burkina Faso,47,,47
2017-06,Burundi,22,,22
2017-06,Cameroon,42,,42
2017-06,Central African Republic,7,,7
2017-06,Chad,9,,9
2017-06,Colombia,222,,222
2017-06,Democratic Republic of Congo,52,333,333
2017-06,Ethiopia,88,,88
2017-06,Haiti,34,,34
2017-06,Iraq,132,,132
2017-06,Libya,18,,18
2017-06,Mali,63,,63
2017-06,Mozambique,16,,16
2017-06,Myanmar,73,170,170
2017-06,Niger,25,,25
2017-06,Nigeria,241,,241
2017-06,occupied Palestinian territory,18,,18
2017-06,Somalia,96,,96
2017-06,South Sudan,68,1393,1393
2017-06,Sudan,40,,40
2017-06,Syria,1,620,620
2017-06,Ukraine,84,3799,3799
2017-06,Venezuela (Bolivarian Republic of),14,722,722
2017-06,Yemen,94,,94
2017-07,Afghanistan,127,320,320
2017-07,Burkina Faso,35,,35
2017-07,Burundi,52,,52
2017-07,Cameroon,47,,47
2017-07,Central African Republic,11,,11
2017-07,Chad,12,,12
2017-07,Colombia,189,,189
2017-07,Democratic Republic of Congo,60,345,345
2017-07,Ethiopia,103,,103
2017-07,Haiti,51,,51
2017-07,Iraq,159,,159
2017-07,Libya,23,,23
2017-07,Mali,54,,54
2017-07,Mozambique,15,,15
2017-07,Myanmar,87,251,251
2017-07,Niger,22,,22
2017-07,Nigeria,236,,236
2017-07,occupied Palestinian territory,25,,25
2017-07,Somalia,75,,75
2017-07,South Sudan,51,1207,1207
2017-07,Sudan,41,,41
2017-07,Syria,4,753,753
2017-07,Ukraine,71,220,220
2017-07,Venezuela (Bolivarian Republic of),8,681,681
2017-07,Yemen,108,,108
2017-08,Afghanistan,124,926,926
2017-08,Burkina Faso,31,,31
2017-08,Burundi,25,,25
2017-08,Cameroon,62,,62
2017-08,Central African Republic,9,,9
2017-08,Chad,14,,14
2017-08,Colombia,232,,232
2017-08,Democratic Republic of Congo,79,354,354
2017-08,Ethiopia,117,,117
2017-08,Haiti,37,,37
2017-08,Iraq,175,,175
2017-08,Libya,28,,28
2017-08,Mali,55,,55
2017-08,Mozambique,21,,21
2017-08,Myanmar,96,253,253
2017-08,Niger,36,,36
2017-08,Nigeria,289,,289
2017-08,occupied Palestinian territory,17,,17
2017-08,Somalia,93,,93
2017-08,South Sudan,69,1224,1224
2017-08,Sudan,37,,37
2017-08,Syria,2,863,863
2017-08,Ukraine,72,204,204
2017-08,Venezuela (Bolivarian Republic of),12,761,761
2017-08,Yemen,170,,170
2017-09,Afghanistan,92,358,358
2017-09,Burkina Faso,23,,23
2017-09,Burundi,18,,18
2017-09,Cameroon,55,,55
2017-09,Central African Republic,8,,8
2017-09,Chad,4,,4
2017-09,Colombia,264,,264
2017-09,Democratic Republic of Congo,83,340,340
2017-09,Ethiopia,120,,120
2017-09,Haiti,148,,148
2017-09,Iraq,148,,148
2017-09,Libya,22,,22
2017-09,Mali,55,,55
2017-09,Mozambique,12,,12
2017-09,Myanmar,115,481,481
2017-09,Niger,35,,35
2017-09,Nigeria,220,,220
2017-09,occupied Palestinian territory,21,,21
2017-09,Somalia,92,,92
2017-09,South Sudan,73,1457,1457
2017-09,Sudan,61,,61
2017-09,Syria,12,965,965
2017-09,Ukraine,80,309,309
2017-09,Venezuela (Bolivarian Republic of),13,860,860
2017-09,Yemen,162,,162
2017-10,Afghanistan,111,360,360
2017-10,Burkina Faso,29,,29
2017-10,Burundi,26,,26
2017-10,Cameroon,59,,59
2017-10,Central African Republic,16,,16
2017-10,Chad,26,,26
2017-10,Colombia,254,,254
2017-10,Democratic Republic of Congo,65,358,358
2017-10,Ethiopia,170,,170
2017-10,Haiti,51,,51
2017-10,Iraq,169,,169
2017-10,Libya,23,,23
2017-10,Mali,82,,82
2017-10,Mozambique,15,,15
2017-10,Myanmar,137,889,889
2017-10,Niger,44,,44
2017-10,Nigeria,274,,274
2017-10,occupied Palestinian territory,37,,37
2017-10,Somalia,127,,127
2017-10,South Sudan,97,1447,1447
2017-10,Sudan,73,,73
2017-10,Syria,7,1087,1087
2017-10,Ukraine,119,342,342
2017-10,Venezuela (Bolivarian Republic of),16,860,860
2017-10,Yemen,150,,150
2017-11,Afghanistan,114,574,574
2017-11,Burkina Faso,23,,23
2017-11,Burundi,21,,21
2017-11,Cameroon,67,,67
2017-11,Central African Republic,21,,21
2017-11,Chad,18,,18
2017-11,Colombia,198,,198
2017-11,Democratic Republic of Congo,86,418,418
2017-11,Ethiopia,149,,149
2017-11,Haiti,38,,38
2017-11,Iraq,197,,197
2017-11,Libya,22,,22
2017-11,Mali,54,,54
2017-11,Mozambique,21,,21
2017-11,Myanmar,147,888,888
2017-11,Niger,54,,54
2017-11,Nigeria,258,,258
2017-11,occupied Palestinian territory,34,,34
2017-11,Somalia,140,,140
2017-11,South Sudan,86,1423,1423
2017-11,Sudan,76,,76
2017-11,Syria,7,1253,1253
2017-11,Ukraine,124,406,406
2017-11,Venezuela (Bolivarian Republic of),18,932,932
2017-11,Yemen,153,,153
2017-12,Afghanistan,125,407,407
2017-12,Burkina Faso,26,,26
2017-12,Burundi,27,,27
2017-12,Cameroon,52,,52
2017-12,Central African Republic,13,,13
2017-12,Chad,9,,9
2017-12,Colombia,116,,116
2017-12,Democratic Republic of Congo,91,315,315
2017-12,Ethiopia,155,,155
2017-12,Haiti,36,,36
2017-12,Iraq,150,,150
2017-12,Libya,34,,34
2017-12,Mali,65,,65
2017-12,Mozambique,14,,14
2017-12,Myanmar,106,832,832
2017-12,Niger,27,,27
2017-12,Nigeria,206,,206
2017-12,occupied Palestinian territory,25,,25
2017-12,Somalia,116,,116
2017-12,South Sudan,56,1116,1116
2017-12,Sudan,93,,93
2017-12,Syria,6,966,966
2017-12,Ukraine,84,309,309
2017-12,Venezuela (Bolivarian Republic of),5,590,590
2017-12,Yemen,129,,129
2018-01,Afghanistan,161,455,455
2018-01,Burkina Faso,23,,23
2018-01,Burundi,28,,28
2018-01,Cameroon,51,,51
2018-01,Central African Republic,12,,12
2018-01,Chad,12,,12
2018-01,Colombia,144,,144
2018-01,Democratic Republic of Congo,62,333,333
2018-01,Ethiopia,122,,122
2018-01,Haiti,38,,38
2018-01,Iraq,185,,185
2018-01,Libya,35,,35
2018-01,Mali,94,,94
2018-01,Mozambique,14,,14
2018-01,Myanmar,139,1053,1053
2018-01,Niger,53,,53
2018-01,Nigeria,209,,209
2018-01,occupied Palestinian territory,42,,42
2018-01,Somalia,118,,118
2018-01,South Sudan,59,1191,1191
2018-01,Sudan,68,,68
2018-01,Syria,9,1142,1142
2018-01,Ukraine,114,371,371
2018-01,Venezuela (Bolivarian Republic of),9,645,645
2018-01,Yemen,161,,161
2018-02,Afghanistan,149,396,396
2018-02,Burkina Faso,20,,20
2018-02,Burundi,46,,46
2018-02,Cameroon,62,,62
2018-02,Central African Republic,13,,13
2018-02,Chad,10,,10
2018-02,Colombia,231,,231
2018-02,Democratic Republic of Congo,121,473,473
2018-02,Ethiopia,130,,130
2018-02,Haiti,32,,32
2018-02,Iraq,194,,194
2018-02,Libya,18,,18
2018-02,Mali,63,,63
2018-02,Mozambique,12,,12
2018-02,Myanmar,97,1166,1166
2018-02,Niger,44,,44
2018-02,Nigeria,175,,175
2018-02,occupied Palestinian territory,36,,36
2018-02,Somalia,112,,112
2018-02,South Sudan,52,1351,1351
2018-02,Sudan,46,,46
2018-02,Syria,2,1246,1246
2018-02,Ukraine,118,451,451
2018-02,Venezuela (Bolivarian Republic of),21,775,775
2018-02,Yemen,161,,161
2018-03,Afghanistan,143,552,552
2018-03,Burkina Faso,32,,32
2018-03,Burundi,45,,45
2018-03,Cameroon,61,,61
2018-03,Central African Republic,16,,16
2018-03,Chad,10,,10
2018-03,Colombia,271,,271
2018-03,Democratic Republic of Congo,136,540,540
2018-03,Ethiopia,179,,179
2018-03,Haiti,33,,33
2018-03,Iraq,204,,204
2018-03,Libya,22,,22
2018-03,Mali,114,,114
2018-03,Mozambique,26,,26
2018-03,Myanmar,178,1140,1140
2018-03,Niger,61,,61
2018-03,Nigeria,391,,391
2018-03,occupied Palestinian territory,38,,38
2018-03,Somalia,203,,203
2018-03,South Sudan,80,1626,1626
2018-03,Sudan,9,,9
2018-03,Syria,3,1440,1440
2018-03,Ukraine,119,406,406
2018-03,Venezuela (Bolivarian Republic of),28,933,933
2018-03,Yemen,323,,323
2018-04,Afghanistan,263,949,949
2018-04,Burkina Faso,41,,41
2018-04,Burundi,49,,49
2018-04,Cameroon,81,,81
2018-04,Central African Republic,53,,53
2018-04,Chad,15,,15
2018-04,Colombia,296,,296
2018-04,Democratic Republic of Congo,254,722,722
2018-04,Ethiopia,281,,281
2018-04,Haiti,37,,37
2018-04,Iraq,453,,453
2018-04,Libya,31,,31
2018-04,Mali,156,,156
2018-04,Mozambique,39,,39
2018-04,Myanmar,249,1255,1255
2018-04,Niger,173,,173
2018-04,Nigeria,612,,612
2018-04,occupied Palestinian territory,37,,37
2018-04,Somalia,401,,401
2018-04,South Sudan,126,1998,1998
2018-04,Sudan,6,,6
2018-04,Syria,6,2251,2251
2018-04,Ukraine,176,492,492
2018-04,Venezuela (Bolivarian Republic of),47,1285,1285
2018-04,Yemen,695,,695
2018-05,Afghanistan,314,963,963
2018-05,Burkina Faso,43,,43
2018-05,Burundi,49,,49
2018-05,Cameroon,112,,112
2018-05,Central African Republic,44,,44
2018-05,Chad,54,,54
2018-05,Colombia,320,,320
2018-05,Democratic Republic of Congo,283,869,869
2018-05,Ethiopia,345,,345
2018-05,Haiti,47,,47
2018-05,Iraq,492,,492
2018-05,Libya,16,,16
2018-05,Mali,199,,199
2018-05,Mozambique,30,,30
2018-05,Myanmar,356,1532,1532
2018-05,Niger,182,,182
2018-05,Nigeria,789,,789
2018-05,occupied Palestinian territory,50,,50
2018-05,Somalia,478,,478
2018-05,South Sudan,172,2330,2330
2018-05,Sudan,4,,4
2018-05,Syria,10,2236,2236
2018-05,Ukraine,178,517,517
2018-05,Venezuela (Bolivarian Republic of),38,1301,1301
2018-05,Yemen,542,,542
2018-06,Afghanistan,292,909,909
2018-06,Burkina Faso,26,,26
2018-06,Burundi,41,,41
2018-06,Cameroon,86,,86
2018-06,Central African Republic,27,,27
2018-06,Chad,34,,34
2018-06,Colombia,219,,219
2018-06,Democratic Republic of Congo,235,741,741
2018-06,Ethiopia,261,,261
2018-06,Haiti,43,,43
2018-06,Iraq,409,,409
2018-06,Libya,22,,22
2018-06,Mali,164,,164
2018-06,Mozambique,26,,26
2018-06,Myanmar,378,1282,1282
2018-06,Niger,162,,162
2018-06,Nigeria,615,,615
2018-06,occupied Palestinian territory,16,,16
2018-06,Somalia,393,,393
2018-06,South Sudan,144,2102,2102
2018-06,Sudan,1,,1
2018-06,Syria,11,1904,1904
2018-06,Ukraine,202,470,470
2018-06,Venezuela (Bolivarian Republic of),38,1146,1146
2018-06,Yemen,440,,440
2018-07,Afghanistan,330,1006,1006
2018-07,Burkina Faso,47,,47
2018-07,Burundi,50,,50
2018-07,Cameroon,99,,99
2018-07,Central African Republic,36,,36
2018-07,Chad,34,,34
2018-07,Colombia,237,,237
2018-07,Democratic Republic of Congo,204,683,683
2018-07,Ethiopia,316,,316
2018-07,Haiti,37,,37
2018-07,Iraq,432,,432
2018-07,Libya,18,,18
2018-07,Mali,162,,162
2018-07,Mozambique,29,,29
2018-07,Myanmar,379,1621,1621
2018-07,Niger,198,,198
2018-07,Nigeria,773,,773
2018-07,occupied Palestinian territory,36,,36
2018-07,Somalia,428,,428
2018-07,South Sudan,136,2321,2321
2018-07,Sudan,6,,6
2018-07,Syria,6,2407,2407
2018-07,Ukraine,240,513,513
2018-07,Venezuela (Bolivarian Republic of),44,995,995
2018-07,Yemen,627,,627
2018-08,Afghanistan,249,858,858
2018-08,Burkina Faso,47,,47
2018-08,Burundi,70,,70
2018-08,Cameroon,90,,90
2018-08,Central African Republic,68,,68
2018-08,Chad,51,,51
2018-08,Colombia,325,,325
2018-08,Democratic Republic of Congo,272,831,831
2018-08,Ethiopia,427,,427
2018-08,Haiti,47,,47
2018-08,Iraq,442,,442
2018-08,Libya,19,,19
2018-08,Mali,165,,165
2018-08,Mozambique,27,,27
2018-08,Myanmar,387,1488,1488
2018-08,Niger,189,,189
2018-08,Nigeria,1059,,1059
2018-08,occupied Palestinian territory,33,,33
2018-08,Somalia,411,,411
2018-08,South Sudan,214,2554,2554
2018-08,Sudan,8,,8
2018-08,Syria,9,1960,1960
2018-08,Ukraine,363,587,587
2018-08,Venezuela (Bolivarian Republic of),38,1168,1168
2018-08,Yemen,620,,620
2018-09,Afghanistan,316,1142,1142
2018-09,Burkina Faso,67,,67
2018-09,Burundi,60,,60
2018-09,Cameroon,116,,116
2018-09,Central African Republic,46,,46
2018-09,Chad,40,,40
2018-09,Colombia,426,,426
2018-09,Democratic Republic of Congo,232,825,825
2018-09,Ethiopia,361,,361
2018-09,Haiti,61,,61
2018-09,Iraq,436,,436
2018-09,Libya,35,,35
2018-09,Mali,332,,332
2018-09,Mozambique,19,,19
2018-09,Myanmar,356,1559,1559
2018-09,Niger,394,,394
2018-09,Nigeria,2393,,2393
2018-09,occupied Palestinian territory,58,,58
2018-09,Somalia,477,,477
2018-09,South Sudan,188,2597,2597
2018-09,Sudan,6,,6
2018-09,Syria,16,2301,2301
2018-09,Ukraine,239,596,596
2018-09,Venezuela (Bolivarian Republic of),53,1416,1416
2018-09,Yemen,599,,599
2018-10,Afghanistan,261,1228,1228
2018-10,Burkina Faso,86,,86
2018-10,Burundi,79,,79
2018-10,Cameroon,119,,119
2018-10,Central African Republic,92,,92
2018-10,Chad,41,,41
2018-10,Colombia,334,,334
2018-10,Democratic Republic of Congo,277,891,891
2018-10,Ethiopia,466,,466
2018-10,Haiti,60,,60
2018-10,Iraq,490,,490
2018-10,Libya,15,,15
2018-10,Mali,232,,232
2018-10,Mozambique,32,,32
2018-10,Myanmar,328,1705,1705
2018-10,Niger,246,,246
2018-10,Nigeria,1633,,1633
2018-10,occupied Palestinian territory,65,,65
2018-10,Somalia,548,,548
2018-10,South Sudan,212,2953,2953
2018-10,Sudan,32,,32
2018-10,Syria,9,2647,2647
2018-10,Ukraine,342,818,818
2018-10,Venezuela (Bolivarian Republic of),56,1450,1450
2018-10,Yemen,715,,715
2018-11,Afghanistan,391,1307,1307
2018-11,Burkina Faso,95,,95
2018-11,Burundi,84,,84
2018-11,Cameroon,124,,124
2018-11,Central African Republic,69,,69
2018-11,Chad,81,,81
2018-11,Colombia,313,,313
2018-11,Democratic Republic of Congo,275,899,899
2018-11,Ethiopia,610,,610
2018-11,Haiti,47,,47
2018-11,Iraq,541,,541
2018-11,Libya,25,,25
2018-11,Mali,233,,233
2018-11,Mozambique,31,,31
2018-11,Myanmar,390,1568,1568
2018-11,Niger,218,,218
2018-11,Nigeria,1270,,1270
2018-11,occupied Palestinian territory,47,,47
2018-11,Somalia,630,,630
2018-11,South Sudan,179,3004,3004
2018-11,Sudan,26,,26
2018-11,Syria,10,2601,2601
2018-11,Ukraine,310,780,780
2018-11,Venezuela (Bolivarian Republic of),36,1513,1513
2018-11,Yemen,654,,654
2018-12,Afghanistan,303,1186,1186
2018-12,Burkina Faso,68,,68
2018-12,Burundi,76,,76
2018-12,Cameroon,136,,136
2018-12,Central African Republic,51,,51
2018-12,Chad,47,,47
2018-12,Colombia,177,,177
2018-12,Democratic Republic of Congo,288,764,764
2018-12,Ethiopia,544,,544
2018-12,Haiti,46,,46
2018-12,Iraq,544,,544
2018-12,Libya,17,,17
2018-12,Mali,216,,216
2018-12,Mozambique,14,,14
2018-12,Myanmar,288,1454,1454
2018-12,Niger,204,,204
2018-12,Nigeria,796,,796
2018-12,occupied Palestinian territory,77,,77
2018-12,Somalia,534,,534
2018-12,South Sudan,177,2289,2289
2018-12,Sudan,27,,27
2018-12,Syria,10,2488,2488
2018-12,Ukraine,347,777,777
2018-12,Venezuela (Bolivarian Republic of),32,979,979
2018-12,Yemen,757,,757
2019-01,Afghanistan,271,1087,1087
2019-01,Burkina Faso,80,,80
2019-01,Burundi,65,,65
2019-01,Cameroon,150,,150
2019-01,Central African Republic,82,,82
2019-01,Chad,67,,67
2019-01,Colombia,224,,224
2019-01,Democratic Republic of Congo,125,720,720
2019-01,Ethiopia,550,,550
2019-01,Haiti,46,,46
2019-01,Iraq,518,,518
2019-01,Libya,42,,42
2019-01,Mali,248,,248
2019-01,Mozambique,28,,28
2019-01,Myanmar,433,1719,1719
2019-01,Niger,208,,208
2019-01,Nigeria,944,,944
2019-01,occupied Palestinian territory,69,,69
2019-01,Somalia,484,,484
2019-01,South Sudan,240,2548,2548
2019-01,Sudan,18,,18
2019-01,Syria,9,2447,2447
2019-01,Ukraine,335,816,816
2019-01,Venezuela (Bolivarian Republic of),35,1194,1194
2019-01,Yemen,854,,854
2019-02,Afghanistan,243,1090,1090
2019-02,Burkina Faso,103,,103
2019-02,Burundi,61,,61
2019-02,Cameroon,127,,127
2019-02,Central African Republic,74,,74
2019-02,Chad,69,,69
2019-02,Colombia,356,,356
2019-02,Democratic Republic of Congo,306,892,892
2019-02,Ethiopia,526,,526
2019-02,Haiti,34,,34
2019-02,Iraq,491,,491
2019-02,Libya,23,,23
2019-02,Mali,281,,281
2019-02,Mozambique,28,,28
2019-02,Myanmar,310,1630,1630
2019-02,Niger,288,,288
2019-02,Nigeria,1197,,1197
2019-02,occupied Palestinian territory,56,,56
2019-02,Somalia,516,,516
2019-02,South Sudan,198,2834,2834
2019-02,Sudan,17,,17
2019-02,Syria,10,2508,2508
2019-02,Ukraine,340,815,815
2019-02,Venezuela (Bolivarian Republic of),71,1571,1571
2019-02,Yemen,744,,744
2019-03,Afghanistan,311,1139,1139
2019-03,Burkina Faso,110,,110
2019-03,Burundi,81,,81
2019-03,Cameroon,158,,158
2019-03,Central African Republic,56,,56
2019-03,Chad,62,,62
2019-03,Colombia,406,,406
2019-03,Democratic Republic of Congo,281,948,948
2019-03,Ethiopia,623,,623
2019-03,Haiti,36,,36
2019-03,Iraq,516,,516
2019-03,Libya,34,,34
2019-03,Mali,251,,251
2019-03,Mozambique,91,,91
2019-03,Myanmar,397,2174,2174
2019-03,Niger,317,,317
2019-03,Nigeria,937,,937
2019-03,occupied Palestinian territory,62,,62
2019-03,Somalia,547,,547
2019-03,South Sudan,204,3221,3221
2019-03,Sudan,20,,20
2019-03,Syria,19,2697,2697
2019-03,Ukraine,312,799,799
2019-03,Venezuela (Bolivarian Republic of),39,1719,1719
2019-03,Yemen,694,,694
2019-04,Afghanistan,302,1190,1190
2019-04,Burkina Faso,169,,169
2019-04,Burundi,83,,83
2019-04,Cameroon,170,,170
2019-04,Central African Republic,60,,60
2019-04,Chad,68,,68
2019-04,Colombia,335,,335
2019-04,Democratic Republic of Congo,281,1024,1024
2019-04,Ethiopia,706,,706
2019-04,Haiti,33,,33
2019-04,Iraq,497,,497
2019-04,Libya,111,,111
2019-04,Mali,263,,263
2019-04,Mozambique,363,,363
2019-04,Myanmar,303,1938,1938
2019-04,Niger,289,,289
2019-04,Nigeria,951,,951
2019-04,occupied Palestinian territory,62,,62
2019-04,Somalia,586,,586
2019-04,South Sudan,204,3331,3331
2019-04,Sudan,22,,22
2019-04,Syria,10,2378,2378
2019-04,Ukraine,332,961,961
2019-04,Venezuela (Bolivarian Republic of),53,1585,1585
2019-04,Yemen,749,,749
2019-05,Afghanistan,314,1024,1024
2019-05,Burkina Faso,152,,152
2019-05,Burundi,105,,105
2019-05,Cameroon,151,,151
2019-05,Central African Republic,72,,72
2019-05,Chad,61,,61
2019-05,Colombia,398,,398
2019-05,Democratic Republic of Congo,360,1197,1197
2019-05,Ethiopia,674,,674
2019-05,Haiti,41,,41
2019-05,Iraq,527,,527
2019-05,Libya,75,,75
2019-05,Mali,305,,305
2019-05,Mozambique,240,,240
2019-05,Myanmar,439,1853,1853
2019-05,Niger,275,,275
2019-05,Nigeria,896,,896
2019-05,occupied Palestinian territory,51,,51
2019-05,Somalia,746,,746
2019-05,South Sudan,159,3345,3345
2019-05,Sudan,18,,18
2019-05,Syria,14,2598,2598
2019-05,Ukraine,331,829,829
2019-05,Venezuela (Bolivarian Republic of),39,1757,1757
2019-05,Yemen,611,,611
2019-06,Afghanistan,359,998,998
2019-06,Burkina Faso,160,,160
2019-06,Burundi,72,,72
2019-06,Cameroon,141,,141
2019-06,Central African Republic,82,,82
2019-06,Chad,58,,58
2019-06,Colombia,802,,802
2019-06,Democratic Republic of Congo,389,1154,1154
2019-06,Ethiopia,440,,440
2019-06,Haiti,46,,46
2019-06,Iraq,548,,548
2019-06,Libya,61,,61
2019-06,Mali,231,,231
2019-06,Mozambique,129,,129
2019-06,Myanmar,434,2159,2159
2019-06,Niger,275,,275
2019-06,Nigeria,999,,999
2019-06,occupied Palestinian territory,60,,60
2019-06,Somalia,594,,594
2019-06,South Sudan,238,3474,3474
2019-06,Sudan,15,,15
2019-06,Syria,9,2513,2513
2019-06,Ukraine,279,723,723
2019-06,Venezuela (Bolivarian Republic of),81,11188,11188
2019-06,Yemen,762,,762
2019-07,Afghanistan,369,1264,1264
2019-07,Burkina Faso,189,,189
2019-07,Burundi,84,,84
2019-07,Cameroon,154,,154
2019-07,Central African Republic,90,,90
2019-07,Chad,71,,71
2019-07,Colombia,566,,566
2019-07,Democratic Republic of Congo,491,1266,1266
2019-07,Ethiopia,742,,742
2019-07,Haiti,70,,70
2019-07,Iraq,580,,580
2019-07,Libya,74,,74
2019-07,Mali,290,,290
2019-07,Mozambique,121,,121
2019-07,Myanmar,514,2419,2419
2019-07,Niger,321,,321
2019-07,Nigeria,1226,,1226
2019-07,occupied Palestinian territory,57,,57
2019-07,Somalia,640,,640
2019-07,South Sudan,218,3743,3743
2019-07,Sudan,19,,19
2019-07,Syria,15,2618,2618
2019-07,Ukraine,312,662,662
2019-07,Venezuela (Bolivarian Republic of),50,2602,2602
2019-07,Yemen,754,,754
2019-08,Afghanistan,305,1020,1020
2019-08,Burkina Faso,162,,162
2019-08,Burundi,103,,103
2019-08,Cameroon,163,,163
2019-08,Central African Republic,80,,80
2019-08,Chad,106,,106
2019-08,Colombia,348,,348
2019-08,Democratic Republic of Congo,435,1159,1159
2019-08,Ethiopia,599,,599
2019-08,Haiti,57,,57
2019-08,Iraq,589,,589
2019-08,Libya,108,,108
2019-08,Mali,229,,229
2019-08,Mozambique,109,,109
2019-08,Myanmar,607,2143,2143
2019-08,Niger,304,,304
2019-08,Nigeria,1163,,1163
2019-08,occupied Palestinian territory,47,,47
2019-08,Somalia,650,,650
2019-08,South Sudan,202,2977,2977
2019-08,Sudan,17,,17
2019-08,Syria,16,2549,2549
2019-08,Ukraine,314,673,673
2019-08,Venezuela (Bolivarian Republic of),68,1791,1791
2019-08,Yemen,735,,735
2019-09,Afghanistan,317,1142,1142
2019-09,Burkina Faso,289,,289
2019-09,Burundi,153,,153
2019-09,Cameroon,162,,162
2019-09,Central African Republic,78,,78
2019-09,Chad,86,,86
2019-09,Colombia,392,,392
2019-09,Democratic Republic of Congo,431,1229,1229
2019-09,Ethiopia,506,,506
2019-09,Haiti,53,,53
2019-09,Iraq,499,,499
2019-09,Libya,96,,96
2019-09,Mali,289,,289
2019-09,Mozambique,145,,145
2019-09,Myanmar,445,2326,2326
2019-09,Niger,273,,273
2019-09,Nigeria,1136,,1136
2019-09,occupied Palestinian territory,66,,66
2019-09,Somalia,658,,658
2019-09,South Sudan,240,3034,3034
2019-09,Sudan,19,,19
2019-09,Syria,20,2806,2806
2019-09,Ukraine,360,1101,1101
2019-09,Venezuela (Bolivarian Republic of),97,1910,1910
2019-09,Yemen,691,,691
2019-10,Afghanistan,378,1473,1473
2019-10,Burkina Faso,269,,269
2019-10,Burundi,92,,92
2019-10,Cameroon,149,,149
2019-10,Central African Republic,88,,88
2019-10,Chad,80,,80
2019-10,Colombia,382,,382
2019-10,Democratic Republic of Congo,378,1128,1128
2019-10,Ethiopia,570,,570
2019-10,Haiti,48,,48
2019-10,Iraq,561,,561
2019-10,Libya,102,,102
2019-10,Mali,288,,288
2019-10,Mozambique,85,,85
2019-10,Myanmar,399,2278,2278
2019-10,Niger,293,,293
2019-10,Nigeria,1200,,1200
2019-10,occupied Palestinian territory,100,,100
2019-10,Somalia,808,,808
2019-10,South Sudan,321,3354,3354
2019-10,Sudan,28,,28
2019-10,Syria,15,2725,2725
2019-10,Ukraine,375,864,864
2019-10,Venezuela (Bolivarian Republic of),192,1886,1886
2019-10,Yemen,802,,802
2019-11,Afghanistan,371,1895,1895
2019-11,Burkina Faso,412,,412
2019-11,Burundi,96,,96
2019-11,Cameroon,192,,192
2019-11,Central African Republic,70,,70
2019-11,Chad,113,,113
2019-11,Colombia,355,,355
2019-11,Democratic Republic of Congo,482,1323,1323
2019-11,Ethiopia,705,,705
2019-11,Haiti,40,,40
2019-11,Iraq,529,,529
2019-11,Libya,68,,68
2019-11,Mali,310,,310
2019-11,Mozambique,125,,125
2019-11,Myanmar,432,2167,2167
2019-11,Niger,345,,345
2019-11,Nigeria,1357,,1357
2019-11,occupied Palestinian territory,88,,88
2019-11,Somalia,728,,728
2019-11,South Sudan,274,4376,4376
2019-11,Sudan,28,,28
2019-11,Syria,20,2757,2757
2019-11,Ukraine,419,989,989
2019-11,Venezuela (Bolivarian Republic of),231,2120,2120
2019-11,Yemen,924,,924
2019-12,Afghanistan,407,1725,1725
2019-12,Burkina Faso,438,,438
2019-12,Burundi,89,,89
2019-12,Cameroon,424,,424
2019-12,Central African Republic,74,,74
2019-12,Chad,89,,89
2019-12,Colombia,253,,253
2019-12,Democratic Republic of Congo,533,1277,1277
2019-12,Ethiopia,668,,668
2019-12,Haiti,50,,50
2019-12,Iraq,509,,509
2019-12,Libya,94,,94
2019-12,Mali,348,,348
2019-12,Mozambique,73,,73
2019-12,Myanmar,543,2037,2037
2019-12,Niger,352,,352
2019-12,Nigeria,1008,,1008
2019-12,occupied Palestinian territory,102,,102
2019-12,Somalia,643,,643
2019-12,South Sudan,185,3088,3088
2019-12,Sudan,32,,32
2019-12,Syria,17,2727,2727
2019-12,Ukraine,378,826,826
2019-12,Venezuela (Bolivarian Republic of),131,1372,1372
2019-12,Yemen,869,,869
2020-01,Afghanistan,414,1725,1725
2020-01,Burkina Faso,544,,544
2020-01,Burundi,108,,108
2020-01,Cameroon,232,,232
2020-01,Central African Republic,99,,99
2020-01,Chad,122,,122
2020-01,Colombia,321,,321
2020-01,Democratic Republic of Congo,463,1358,1358
2020-01,Ethiopia,616,,616
2020-01,Haiti,83,,83
2020-01,Iraq,616,,616
2020-01,Libya,86,,86
2020-01,Mali,374,,374
2020-01,Mozambique,112,,112
2020-01,Myanmar,691,2407,2407
2020-01,Niger,396,,396
2020-01,Nigeria,1326,,1326
2020-01,occupied Palestinian territory,76,,76
2020-01,Somalia,660,,660
2020-01,South Sudan,183,3531,3531
2020-01,Sudan,28,,28
2020-01,Syria,24,3083,3083
2020-01,Ukraine,380,1158,1158
2020-01,Venezuela (Bolivarian Republic of),261,1899,1899
2020-01,Yemen,639,,639
2020-02,Afghanistan,396,1414,1414
2020-02,Burkina Faso,238,,238
2020-02,Burundi,114,,114
2020-02,Cameroon,197,,197
2020-02,Central African Republic,94,,94
2020-02,Chad,109,,109
2020-02,Colombia,475,,475
2020-02,Democratic Republic of Congo,542,1368,1368
2020-02,Ethiopia,605,,605
2020-02,Haiti,179,,179
2020-02,Iraq,509,,509
2020-02,Libya,82,,82
2020-02,Mali,392,,392
2020-02,Mozambique,127,,127
2020-02,Myanmar,652,2309,2309
2020-02,Niger,377,,377
2020-02,Nigeria,1238,,1238
2020-02,occupied Palestinian territory,141,,141
2020-02,Somalia,567,,567
2020-02,South Sudan,229,3907,3907
2020-02,Sudan,32,,32
2020-02,Syria,13,2856,2856
2020-02,Ukraine,425,1009,1009
2020-02,Venezuela (Bolivarian Republic of),351,2270,2270
2020-02,Yemen,615,,615
2020-03,Afghanistan,669,3185,3185
2020-03,Burkina Faso,408,,408
2020-03,Burundi,113,,113
2020-03,Cameroon,248,,248
2020-03,Central African Republic,101,,101
2020-03,Chad,121,,121
2020-03,Colombia,1609,,1609
2020-03,Democratic Republic of Congo,807,1928,1928
2020-03,Ethiopia,798,,798
2020-03,Haiti,182,,182
2020-03,Iraq,861,,861
2020-03,Libya,124,,124
2020-03,Mali,422,,422
2020-03,Mozambique,155,,155
2020-03,Myanmar,917,3283,3283
2020-03,Niger,246,,246
2020-03,Nigeria,1886,,1886
2020-03,occupied Palestinian territory,107,,107
2020-03,Somalia,662,,662
2020-03,South Sudan,237,5355,5355
2020-03,Sudan,62,,62
2020-03,Syria,0,6195,6195
2020-03,Ukraine,898,4700,4700
2020-03,Venezuela (Bolivarian Republic of),589,12794,12794
2020-03,Yemen,885,,885
2020-04,Afghanistan,578,4274,4274
2020-04,Burkina Faso,480,,480
2020-04,Burundi,125,,125
2020-04,Cameroon,377,,377
2020-04,Central African Republic,85,,85
2020-04,Chad,201,,201
2020-04,Colombia,1822,,1822
2020-04,Democratic Republic of Congo,606,2162,2162
2020-04,Ethiopia,1353,,1353
2020-04,Haiti,189,,189
2020-04,Iraq,788,,788
2020-04,Libya,180,,180
2020-04,Mali,442,,442
2020-04,Mozambique,195,,195
2020-04,Myanmar,687,3727,3727
2020-04,Niger,215,,215
2020-04,Nigeria,2277,,2277
2020-04,occupied Palestinian territory,200,,200
2020-04,Somalia,782,,782
2020-04,South Sudan,226,7861,7861
2020-04,Sudan,73,,73
2020-04,Syria,2,7211,7211
2020-04,Ukraine,939,3826,3826
2020-04,Venezuela (Bolivarian Republic of),807,13155,13155
2020-04,Yemen,784,,784
2020-05,Afghanistan,431,2429,2429
2020-05,Burkina Faso,453,,453
2020-05,Burundi,102,,102
2020-05,Cameroon,325,,325
2020-05,Central African Republic,84,,84
2020-05,Chad,229,,229
2020-05,Colombia,1136,,1136
2020-05,Democratic Republic of Congo,546,1871,1871
2020-05,Ethiopia,1139,,1139
2020-05,Haiti,82,,82
2020-05,Iraq,512,,512
2020-05,Libya,90,,90
2020-05,Mali,384,,384
2020-05,Mozambique,184,,184
2020-05,Myanmar,1025,4426,4426
2020-05,Niger,209,,209
2020-05,Nigeria,2037,,2037
2020-05,occupied Palestinian territory,105,,105
2020-05,Somalia,608,,608
2020-05,South Sudan,202,6015,6015
2020-05,Sudan,47,,47
2020-05,Syria,2,4598,4598
2020-05,Ukraine,623,2030,2030
2020-05,Venezuela (Bolivarian Republic of),519,8023,8023
2020-05,Yemen,526,,526
2020-06,Afghanistan,350,2120,2120
2020-06,Burkina Faso,484,,484
2020-06,Burundi,93,,93
2020-06,Cameroon,293,,293
2020-06,Central African Republic,78,,78
2020-06,Chad,173,,173
2020-06,Colombia,742,,742
2020-06,Democratic Republic of Congo,490,1819,1819
2020-06,Ethiopia,999,,999
2020-06,Haiti,59,,59
2020-06,Iraq,690,,690
2020-06,Libya,86,,86
2020-06,Mali,379,,379
2020-06,Mozambique,151,,151
2020-06,Myanmar,844,5540,5540
2020-06,Niger,287,,287
2020-06,Nigeria,2484,,2484
2020-06,occupied Palestinian territory,104,,104
2020-06,Somalia,711,,711
2020-06,South Sudan,178,6314,6314
2020-06,Sudan,39,,39
2020-06,Syria,4,3947,3947
2020-06,Ukraine,399,1337,1337
2020-06,Venezuela (Bolivarian Republic of),443,5375,5375
2020-06,Yemen,570,,570
2020-07,Afghanistan,353,2086,2086
2020-07,Burkina Faso,586,,586
2020-07,Burundi,102,,102
2020-07,Cameroon,290,,290
2020-07,Central African Republic,76,,76
2020-07,Chad,154,,154
2020-07,Colombia,710,,710
2020-07,Democratic Republic of Congo,665,1967,1967
2020-07,Ethiopia,402,,402
2020-07,Haiti,77,,77
2020-07,Iraq,447,,447
2020-07,Libya,109,,109
2020-07,Mali,368,,368
2020-07,Mozambique,164,,164
2020-07,Myanmar,705,3320,3320
2020-07,Niger,197,,197
2020-07,Nigeria,2302,,2302
2020-07,occupied Palestinian territory,110,,110
2020-07,Somalia,545,,545
2020-07,South Sudan,183,6115,6115
2020-07,Sudan,27,,27
2020-07,Syria,2,3092,3092
2020-07,Ukraine,362,1091,1091
2020-07,Venezuela (Bolivarian Republic of),464,4731,4731
2020-07,Yemen,629,,629
2020-08,Afghanistan,451,2032,2032
2020-08,Burkina Faso,599,,599
2020-08,Burundi,109,,109
2020-08,Cameroon,271,,271
2020-08,Central African Republic,89,,89
2020-08,Chad,194,,194
2020-08,Colombia,638,,638
2020-08,Democratic Republic of Congo,549,1794,1794
2020-08,Ethiopia,967,,967
2020-08,Haiti,57,,57
2020-08,Iraq,546,,546
2020-08,Libya,125,,125
2020-08,Mali,341,,341
2020-08,Mozambique,136,,136
2020-08,Myanmar,832,3140,3140
2020-08,Niger,196,,196
2020-08,Nigeria,1850,,1850
2020-08,occupied Palestinian territory,100,,100
2020-08,Somalia,598,,598
2020-08,South Sudan,189,5872,5872
2020-08,Sudan,31,,31
2020-08,Syria,2,4344,4344
2020-08,Ukraine,390,1035,1035
2020-08,Venezuela (Bolivarian Republic of),481,4043,4043
2020-08,Yemen,820,,820
2020-09,Afghanistan,439,1941,1941
2020-09,Burkina Faso,806,,806
2020-09,Burundi,171,,171
2020-09,Cameroon,380,,380
2020-09,Central African Republic,103,,103
2020-09,Chad,230,,230
2020-09,Colombia,897,,897
2020-09,Democratic Republic of Congo,826,2078,2078
2020-09,Ethiopia,988,,988
2020-09,Haiti,73,,73
2020-09,Iraq,602,,602
2020-09,Libya,128,,128
2020-09,Mali,423,,423
2020-09,Mozambique,146,,146
2020-09,Myanmar,976,3190,3190
2020-09,Niger,277,,277
2020-09,Nigeria,1734,,1734
2020-09,occupied Palestinian territory,158,,158
2020-09,Somalia,623,,623
2020-09,South Sudan,242,5975,5975
2020-09,Sudan,56,,56
2020-09,Syria,1,4864,4864
2020-09,Ukraine,440,1138,1138
2020-09,Venezuela (Bolivarian Republic of),417,4195,4195
2020-09,Yemen,927,,927
2020-10,Afghanistan,431,2049,2049
2020-10,Burkina Faso,743,,743
2020-10,Burundi,153,,153
2020-10,Cameroon,451,,451
2020-10,Central African Republic,113,,113
2020-10,Chad,190,,190
2020-10,Colombia,757,,757
2020-10,Democratic Republic of Congo,654,2000,2000
2020-10,Ethiopia,1266,,1266
2020-10,Haiti,112,,112
2020-10,Iraq,617,,617
2020-10,Libya,144,,144
2020-10,Mali,432,,432
2020-10,Mozambique,183,,183
2020-10,Myanmar,888,3021,3021
2020-10,Niger,229,,229
2020-10,Nigeria,1892,,1892
2020-10,occupied Palestinian territory,295,,295
2020-10,Somalia,695,,695
2020-10,South Sudan,264,5667,5667
2020-10,Sudan,88,,88
2020-10,Syria,4,4596,4596
2020-10,Ukraine,582,1524,1524
2020-10,Venezuela (Bolivarian Republic of),325,3989,3989
2020-10,Yemen,1141,,1141
2020-11,Afghanistan,405,1892,1892
2020-11,Burkina Faso,687,,687
2020-11,Burundi,147,,147
2020-11,Cameroon,381,,381
2020-11,Central African Republic,76,,76
2020-11,Chad,173,,173
2020-11,Colombia,889,,889
2020-11,Democratic Republic of Congo,595,1749,1749
2020-11,Ethiopia,1539,,1539
2020-11,Haiti,65,,65
2020-11,Iraq,695,,695
2020-11,Libya,161,,161
2020-11,Mali,540,,540
2020-11,Mozambique,165,,165
2020-11,Myanmar,688,3012,3012
2020-11,Niger,242,,242
2020-11,Nigeria,2332,,2332
2020-11,occupied Palestinian territory,114,,114
2020-11,Somalia,702,,702
2020-11,South Sudan,323,6282,6282
2020-11,Sudan,107,,107
2020-11,Syria,13,4243,4243
2020-11,Ukraine,653,1548,1548
2020-11,Venezuela (Bolivarian Republic of),503,4026,4026
2020-11,Yemen,995,,995
2020-12,Afghanistan,519,2461,2461
2020-12,Burkina Faso,593,,593
2020-12,Burundi,108,,108
2020-12,Cameroon,446,,446
2020-12,Central African Republic,89,,89
2020-12,Chad,173,,173
2020-12,Colombia,581,,581
2020-12,Democratic Republic of Congo,614,1659,1659
2020-12,Ethiopia,1599,,1599
2020-12,Haiti,109,,109
2020-12,Iraq,696,,696
2020-12,Libya,162,,162
2020-12,Mali,460,,460
2020-12,Mozambique,191,,191
2020-12,Myanmar,691,3632,3632
2020-12,Niger,217,,217
2020-12,Nigeria,2176,,2176
2020-12,occupied Palestinian territory,201,,201
2020-12,Somalia,690,,690
2020-12,South Sudan,221,5549,5549
2020-12,Sudan,57,,57
2020-12,Syria,3,4460,4460
2020-12,Ukraine,549,1415,1415
2020-12,Venezuela (Bolivarian Republic of),413,3090,3090
2020-12,Yemen,989,,989
2021-01,Afghanistan,574,2446,2446
2021-01,Burkina Faso,741,,741
2021-01,Burundi,147,,147
2021-01,Cameroon,476,,476
2021-01,Central African Republic,116,,116
2021-01,Chad,171,,171
2021-01,Colombia,698,,698
2021-01,Democratic Republic of Congo,594,1764,1764
2021-01,Ethiopia,1468,,1468
2021-01,Haiti,128,,128
2021-01,Iraq,796,,796
2021-01,Libya,157,,157
2021-01,Mali,522,,522
2021-01,Mozambique,180,,180
2021-01,Myanmar,904,3108,3108
2021-01,Niger,293,,293
2021-01,Nigeria,1704,,1704
2021-01,occupied Palestinian territory,158,,158
2021-01,Somalia,732,,732
2021-01,South Sudan,345,5915,5915
2021-01,Sudan,123,,123
2021-01,Syria,8,4807,4807
2021-01,Ukraine,492,1470,1470
2021-01,Venezuela (Bolivarian Republic of),479,3561,3561
2021-01,Yemen,929,,929
2021-02,Afghanistan,439,2044,2044
2021-02,Burkina Faso,856,,856
2021-02,Burundi,154,,154
2021-02,Cameroon,470,,470
2021-02,Central African Republic,139,,139
2021-02,Chad,232,,232
2021-02,Colombia,967,,967
2021-02,Democratic Republic of Congo,748,2150,2150
2021-02,Ethiopia,1232,,1232
2021-02,Haiti,95,,95
2021-02,Iraq,691,,691
2021-02,Libya,154,,154
2021-02,Mali,479,,479
2021-02,Mozambique,216,,216
2021-02,Myanmar,243,2154,2154
2021-02,Niger,259,,259
2021-02,Nigeria,1982,,1982
2021-02,occupied Palestinian territory,111,,111
2021-02,Somalia,653,,653
2021-02,South Sudan,393,7122,7122
2021-02,Sudan,705,,705
2021-02,Syria,4,4342,4342
2021-02,Ukraine,483,1339,1339
2021-02,Venezuela (Bolivarian Republic of),444,4181,4181
2021-02,Yemen,1054,,1054
2021-03,Afghanistan,431,2141,2141
2021-03,Burkina Faso,793,,793
2021-03,Burundi,126,,126
2021-03,Cameroon,420,,420
2021-03,Central African Republic,133,,133
2021-03,Chad,214,,214
2021-03,Colombia,985,,985
2021-03,Democratic Republic of Congo,729,2125,2125
2021-03,Ethiopia,1353,,1353
2021-03,Haiti,99,,99
2021-03,Iraq,747,,747
2021-03,Libya,157,,157
2021-03,Mali,439,,439
2021-03,Mozambique,228,,228
2021-03,Myanmar,192,2615,2615
2021-03,Niger,273,,273
2021-03,Nigeria,2013,,2013
2021-03,occupied Palestinian territory,117,,117
2021-03,Somalia,560,,560
2021-03,South Sudan,274,7129,7129
2021-03,Sudan,678,,678
2021-03,Syria,13,4795,4795
2021-03,Ukraine,674,1824,1824
2021-03,Venezuela (Bolivarian Republic of),438,4685,4685
2021-03,Yemen,1009,,1009
2021-04,Afghanistan,476,2089,2089
2021-04,Burkina Faso,776,,776
2021-04,Burundi,109,,109
2021-04,Cameroon,471,,471
2021-04,Central African Republic,91,,91
2021-04,Chad,222,,222
2021-04,Colombia,1169,,1169
2021-04,Democratic Republic of Congo,774,1808,1808
2021-04,Ethiopia,1581,,1581
2021-04,Haiti,97,,97
2021-04,Iraq,815,,815
2021-04,Libya,173,,173
2021-04,Mali,499,,499
2021-04,Mozambique,218,,218
2021-04,Myanmar,253,2575,2575
2021-04,Niger,320,,320
2021-04,Nigeria,2522,,2522
2021-04,occupied Palestinian territory,105,,105
2021-04,Somalia,588,,588
2021-04,South Sudan,281,6613,6613
2021-04,Sudan,516,,516
2021-04,Syria,2,3988,3988
2021-04,Ukraine,572,2143,2143
2021-04,Venezuela (Bolivarian Republic of),644,4913,4913
2021-04,Yemen,706,,706
2021-05,Afghanistan,527,2378,2378
2021-05,Burkina Faso,716,,716
2021-05,Burundi,109,,109
2021-05,Cameroon,445,,445
2021-05,Central African Republic,147,,147
2021-05,Chad,145,,145
2021-05,Colombia,901,,901
2021-05,Democratic Republic of Congo,823,2142,2142
2021-05,Ethiopia,1349,,1349
2021-05,Haiti,87,,87
2021-05,Iraq,681,,681
2021-05,Libya,122,,122
2021-05,Mali,461,,461
2021-05,Mozambique,183,,183
2021-05,Myanmar,396,2506,2506
2021-05,Niger,289,,289
2021-05,Nigeria,1724,,1724
2021-05,occupied Palestinian territory,109,,109
2021-05,Somalia,424,,424
2021-05,South Sudan,273,6186,6186
2021-05,Sudan,566,,566
2021-05,Syria,17,5046,5046
2021-05,Ukraine,498,1880,1880
2021-05,Venezuela (Bolivarian Republic of),428,5577,5577
2021-05,Yemen,651,,651
2021-06,Afghanistan,514,2400,2400
2021-06,Burkina Faso,790,,790
2021-06,Burundi,86,,86
2021-06,Cameroon,448,,448
2021-06,Central African Republic,83,,83
2021-06,Chad,174,,174
2021-06,Colombia,848,,848
2021-06,Democratic Republic of Congo,719,2236,2236
2021-06,Ethiopia,1440,,1440
2021-06,Haiti,100,,100
2021-06,Iraq,658,,658
2021-06,Libya,213,,213
2021-06,Mali,482,,482
2021-06,Mozambique,197,,197
2021-06,Myanmar,438,3933,3933
2021-06,Niger,275,,275
2021-06,Nigeria,1981,,1981
2021-06,occupied Palestinian territory,100,,100
2021-06,Somalia,604,,604
2021-06,South Sudan,324,6386,6386
2021-06,Sudan,649,,649
2021-06,Syria,17,4424,4424
2021-06,Ukraine,455,1392,1392
2021-06,Venezuela (Bolivarian Republic of),497,5156,5156
2021-06,Yemen,931,,931
2021-07,Afghanistan,505,2327,2327
2021-07,Burkina Faso,691,,691
2021-07,Burundi,115,,115
2021-07,Cameroon,397,,397
2021-07,Central African Republic,102,,102
2021-07,Chad,138,,138
2021-07,Colombia,706,,706
2021-07,Democratic Republic of Congo,662,1984,1984
2021-07,Ethiopia,1348,,1348
2021-07,Haiti,80,,80
2021-07,Iraq,622,,622
2021-07,Libya,165,,165
2021-07,Mali,418,,418
2021-07,Mozambique,232,,232
2021-07,Myanmar,335,3608,3608
2021-07,Niger,252,,252
2021-07,Nigeria,1812,,1812
2021-07,occupied Palestinian territory,97,,97
2021-07,Somalia,595,,595
2021-07,South Sudan,261,6255,6255
2021-07,Sudan,661,,661
2021-07,Syria,5,3416,3416
2021-07,Ukraine,589,1194,1194
2021-07,Venezuela (Bolivarian Republic of),465,4211,4211
2021-07,Yemen,737,,737
2021-08,Afghanistan,437,2809,2809
2021-08,Burkina Faso,745,,745
2021-08,Burundi,122,,122
2021-08,Cameroon,447,,447
2021-08,Central African Republic,170,,170
2021-08,Chad,132,,132
2021-08,Colombia,787,,787
2021-08,Democratic Republic of Congo,802,2070,2070
2021-08,Ethiopia,1542,,1542
2021-08,Haiti,151,,151
2021-08,Iraq,735,,735
2021-08,Libya,192,,192
2021-08,Mali,371,,371
2021-08,Mozambique,234,,234
2021-08,Myanmar,359,3111,3111
2021-08,Niger,357,,357
2021-08,Nigeria,1962,,1962
2021-08,occupied Palestinian territory,92,,92
2021-08,Somalia,591,,591
2021-08,South Sudan,253,6519,6519
2021-08,Sudan,660,,660
2021-08,Syria,15,4631,4631
2021-08,Ukraine,627,2298,2298
2021-08,Venezuela (Bolivarian Republic of),462,4856,4856
2021-08,Yemen,973,,973
2021-09,Afghanistan,574,2715,2715
2021-09,Burkina Faso,732,,732
2021-09,Burundi,109,,109
2021-09,Cameroon,491,,491
2021-09,Central African Republic,168,,168
2021-09,Chad,228,,228
2021-09,Colombia,921,,921
2021-09,Democratic Republic of Congo,665,2029,2029
2021-09,Ethiopia,1557,,1557
2021-09,Haiti,164,,164
2021-09,Iraq,751,,751
2021-09,Libya,158,,158
2021-09,Mali,366,,366
2021-09,Mozambique,209,,209
2021-09,Myanmar,477,2946,2946
2021-09,Niger,454,,454
2021-09,Nigeria,1747,,1747
2021-09,occupied Palestinian territory,127,,127
2021-09,Somalia,583,,583
2021-09,South Sudan,362,6743,6743
2021-09,Sudan,723,,723
2021-09,Syria,24,4046,4046
2021-09,Ukraine,413,1220,1220
2021-09,Venezuela (Bolivarian Republic of),394,4171,4171
2021-09,Yemen,943,,943
2021-10,Afghanistan,690,2792,2792
2021-10,Burkina Faso,760,,760
2021-10,Burundi,107,,107
2021-10,Cameroon,499,,499
2021-10,Central African Republic,183,,183
2021-10,Chad,165,,165
2021-10,Colombia,865,,865
2021-10,Democratic Republic of Congo,759,2241,2241
2021-10,Ethiopia,1612,,1612
2021-10,Haiti,118,,118
2021-10,Iraq,838,,838
2021-10,Libya,156,,156
2021-10,Mali,489,,489
2021-10,Mozambique,173,,173
2021-10,Myanmar,448,2509,2509
2021-10,Niger,401,,401
2021-10,Nigeria,1884,,1884
2021-10,occupied Palestinian territory,187,,187
2021-10,Somalia,872,,872
2021-10,South Sudan,612,7296,7296
2021-10,Sudan,705,,705
2021-10,Syria,7,4309,4309
2021-10,Ukraine,474,1836,1836
2021-10,Venezuela (Bolivarian Republic of),447,4239,4239
2021-10,Yemen,1003,,1003
2021-11,Afghanistan,744,2964,2964
2021-11,Burkina Faso,787,,787
2021-11,Burundi,92,,92
2021-11,Cameroon,479,,479
2021-11,Central African Republic,160,,160
2021-11,Chad,187,,187
2021-11,Colombia,1098,,1098
2021-11,Democratic Republic of Congo,786,2355,2355
2021-11,Ethiopia,1360,,1360
2021-11,Haiti,107,,107
2021-11,Iraq,826,,826
2021-11,Libya,121,,121
2021-11,Mali,534,,534
2021-11,Mozambique,221,,221
2021-11,Myanmar,599,2583,2583
2021-11,Niger,367,,367
2021-11,Nigeria,1757,,1757
2021-11,occupied Palestinian territory,146,,146
2021-11,Somalia,856,,856
2021-11,South Sudan,481,6892,6892
2021-11,Sudan,496,,496
2021-11,Syria,17,4896,4896
2021-11,Ukraine,558,2120,2120
2021-11,Venezuela (Bolivarian Republic of),424,4753,4753
2021-11,Yemen,973,,973
2021-12,Afghanistan,711,3074,3074
2021-12,Burkina Faso,685,,685
2021-12,Burundi,84,,84
2021-12,Cameroon,510,,510
2021-12,Central African Republic,132,,132
2021-12,Chad,124,,124
2021-12,Colombia,841,,841
2021-12,Democratic Republic of Congo,767,2053,2053
2021-12,Ethiopia,1607,,1607
2021-12,Haiti,70,,70
2021-12,Iraq,679,,679
2021-12,Libya,181,,181
2021-12,Mali,566,,566
2021-12,Mozambique,158,,158
2021-12,Myanmar,559,2473,2473
2021-12,Niger,392,,392
2021-12,Nigeria,1297,,1297
2021-12,occupied Palestinian territory,141,,141
2021-12,Somalia,801,,801
2021-12,South Sudan,335,5991,5991
2021-12,Sudan,718,,718
2021-12,Syria,5,4263,4263
2021-12,Ukraine,485,1676,1676
2021-12,Venezuela (Bolivarian Republic of),335,3995,3995
2021-12,Yemen,925,,925
2022-01,Afghanistan,799,3844,3844
2022-01,Burkina Faso,674,,674
2022-01,Burundi,81,,81
2022-01,Cameroon,602,,602
2022-01,Central African Republic,134,,134
2022-01,Chad,153,,153
2022-01,Colombia,1071,,1071
2022-01,Democratic Republic of Congo,850,2296,2296
2022-01,Ethiopia,1494,,1494
2022-01,Haiti,82,,82
2022-01,Iraq,853,,853
2022-01,Libya,185,,185
2022-01,Mali,483,,483
2022-01,Mozambique,139,,139
2022-01,Myanmar,715,2880,2880
2022-01,Niger,440,,440
2022-01,Nigeria,1798,,1798
2022-01,occupied Palestinian territory,138,,138
2022-01,Somalia,787,,787
2022-01,South Sudan,329,6591,6591
2022-01,Sudan,607,,607
2022-01,Syria,1,4658,4658
2022-01,Ukraine,496,1885,1885
2022-01,Venezuela (Bolivarian Republic of),541,5335,5335
2022-01,Yemen,885,,885
2022-02,Afghanistan,723,3322,3322
2022-02,Burkina Faso,973,,973
2022-02,Burundi,106,,106
2022-02,Cameroon,560,,560
2022-02,Central African Republic,172,,172
2022-02,Chad,158,,158
2022-02,Colombia,1266,,1266
2022-02,Democratic Republic of Congo,849,2318,2318
2022-02,Ethiopia,1882,,1882
2022-02,Haiti,79,,79
2022-02,Iraq,801,,801
2022-02,Libya,197,,197
2022-02,Mali,433,,433
2022-02,Mozambique,212,,212
2022-02,Myanmar,613,2533,2533
2022-02,Niger,498,,498
2022-02,Nigeria,1897,,1897
2022-02,occupied Palestinian territory,163,,163
2022-02,Somalia,765,,765
2022-02,South Sudan,422,7769,7769
2022-02,Sudan,785,,785
2022-02,Syria,8,4148,4148
2022-02,Ukraine,510,1656,1656
2022-02,Venezuela (Bolivarian Republic of),460,4464,4464
2022-02,Yemen,1306,,1306
2022-03,Afghanistan,1041,3682,3682
2022-03,Burkina Faso,1083,,1083
2022-03,Burundi,157,,157
2022-03,Cameroon,767,,767
2022-03,Central African Republic,149,,149
2022-03,Chad,214,,214
2022-03,Colombia,1967,,1967
2022-03,Democratic Republic of Congo,1107,2976,2976
2022-03,Ethiopia,2685,,2685
2022-03,Haiti,167,,167
2022-03,Iraq,1077,,1077
2022-03,Libya,192,,192
2022-03,Mali,702,,702
2022-03,Mozambique,306,,306
2022-03,Myanmar,596,3320,3320
2022-03,Niger,664,,664
2022-03,Nigeria,2124,,2124
2022-03,occupied Palestinian territory,202,,202
2022-03,Somalia,987,,987
2022-03,South Sudan,731,9963,9963
2022-03,Sudan,1009,,1009
2022-03,Syria,5,6503,6503
2022-03,Ukraine,1769,5097,5097
2022-03,Venezuela (Bolivarian Republic of),806,6733,6733
2022-03,Yemen,1648,,1648
2022-04,Afghanistan,757,2956,2956
2022-04,Burkina Faso,980,,980
2022-04,Burundi,190,,190
2022-04,Cameroon,671,,671
2022-04,Central African Republic,167,,167
2022-04,Chad,227,,227
2022-04,Colombia,1443,,1443
2022-04,Democratic Republic of Congo,1266,3047,3047
2022-04,Ethiopia,2730,,2730
2022-04,Haiti,91,,91
2022-04,Iraq,870,,870
2022-04,Libya,169,,169
2022-04,Mali,531,,531
2022-04,Mozambique,310,,310
2022-04,Myanmar,448,2295,2295
2022-04,Niger,581,,581
2022-04,Nigeria,1666,,1666
2022-04,occupied Palestinian territory,221,,221
2022-04,Somalia,692,,692
2022-04,South Sudan,622,9271,9271
2022-04,Sudan,730,,730
2022-04,Syria,8,5732,5732
2022-04,Ukraine,2216,4838,4838
2022-04,Venezuela (Bolivarian Republic of),727,5348,5348
2022-04,Yemen,1057,,1057
2022-05,Afghanistan,728,3324,3324
2022-05,Burkina Faso,879,,879
2022-05,Burundi,157,,157
2022-05,Cameroon,603,,603
2022-05,Central African Republic,139,,139
2022-05,Chad,212,,212
2022-05,Colombia,1639,,1639
2022-05,Democratic Republic of Congo,1124,3131,3131
2022-05,Ethiopia,3127,,3127
2022-05,Haiti,162,,162
2022-05,Iraq,768,,768
2022-05,Libya,185,,185
2022-05,Mali,578,,578
2022-05,Mozambique,426,,426
2022-05,Myanmar,567,2626,2626
2022-05,Niger,652,,652
2022-05,Nigeria,1861,,1861
2022-05,occupied Palestinian territory,283,,283
2022-05,Somalia,981,,981
2022-05,South Sudan,501,9449,9449
2022-05,Sudan,760,,760
2022-05,Syria,0,5903,5903
2022-05,Ukraine,2653,5413,5413
2022-05,Venezuela (Bolivarian Republic of),907,5959,5959
2022-05,Yemen,1313,,1313
2022-06,Afghanistan,912,2881,2881
2022-06,Burkina Faso,952,,952
2022-06,Burundi,122,,122
2022-06,Cameroon,592,,592
2022-06,Central African Republic,117,,117
2022-06,Chad,241,,241
2022-06,Colombia,1308,,1308
2022-06,Democratic Republic of Congo,1045,2401,2401
2022-06,Ethiopia,3071,,3071
2022-06,Haiti,193,,193
2022-06,Iraq,674,,674
2022-06,Libya,156,,156
2022-06,Mali,620,,620
2022-06,Mozambique,454,,454
2022-06,Myanmar,574,2771,2771
2022-06,Niger,619,,619
2022-06,Nigeria,1781,,1781
2022-06,occupied Palestinian territory,160,,160
2022-06,Somalia,939,,939
2022-06,South Sudan,612,9053,9053
2022-06,Sudan,682,,682
2022-06,Syria,4,4433,4433
2022-06,Ukraine,2383,4702,4702
2022-06,Venezuela (Bolivarian Republic of),838,5112,5112
2022-06,Yemen,1289,,1289
2022-07,Afghanistan,734,2477,2477
2022-07,Burkina Faso,868,,868
2022-07,Burundi,125,,125
2022-07,Cameroon,552,,552
2022-07,Central African Republic,110,,110
2022-07,Chad,240,,240
2022-07,Colombia,1290,,1290
2022-07,Democratic Republic of Congo,1029,2610,2610
2022-07,Ethiopia,2989,,2989
2022-07,Haiti,164,,164
2022-07,Iraq,620,,620
2022-07,Libya,142,,142
2022-07,Mali,526,,526
2022-07,Mozambique,364,,364
2022-07,Myanmar,630,2458,2458
2022-07,Niger,554,,554
2022-07,Nigeria,1531,,1531
2022-07,occupied Palestinian territory,154,,154
2022-07,Somalia,978,,978
2022-07,South Sudan,501,8735,8735
2022-07,Sudan,569,,569
2022-07,Syria,5,3871,3871
2022-07,Ukraine,2068,3436,3436
2022-07,Venezuela (Bolivarian Republic of),771,4983,4983
2022-07,Yemen,1039,,1039
2022-08,Afghanistan,571,2165,2165
2022-08,Burkina Faso,680,,680
2022-08,Burundi,102,,102
2022-08,Cameroon,462,,462
2022-08,Central African Republic,114,,114
2022-08,Chad,229,,229
2022-08,Colombia,1037,,1037
2022-08,Democratic Republic of Congo,931,2080,2080
2022-08,Ethiopia,2128,,2128
2022-08,Haiti,66,,66
2022-08,Iraq,534,,534
2022-08,Libya,182,,182
2022-08,Mali,426,,426
2022-08,Mozambique,281,,281
2022-08,Myanmar,623,2470,2470
2022-08,Niger,413,,413
2022-08,Nigeria,1446,,1446
2022-08,occupied Palestinian territory,103,,103
2022-08,Somalia,757,,757
2022-08,South Sudan,389,7120,7120
2022-08,Sudan,869,,869
2022-08,Syria,10,3970,3970
2022-08,Ukraine,1507,2452,2452
2022-08,Venezuela (Bolivarian Republic of),841,4220,4220
2022-08,Yemen,1055,,1055