Year,Quarter,Month,Week,Start_date,End_Date,Total_Orgs,New organisations,Number of Datasets on HDX,New datasets per week,CODs,Sub-national,Geodata ,Datasets on request,Datasets with Quick Charts ,Datasets with Showcase ,Datasets with HXL tags ,organizations_with_datasets,New total orgs with data this week,organizations_without_datasets,New total orgs without data this week,users_completed_registration,users_not_completed_registration,Total Users,New users per week,Direct downloads,Web downloads,Total downloads
2014,2014 Q2,May,Week 21,"Monday, May 19, 2014","Sunday, May 25, 2014",0,0,0,0,0,0,0,0,0,0,0,0,0,0,0,0,0,0,0,,,
2014,2014 Q2,May,Week 22,"Monday, May 26, 2014","Sunday, June 1, 2014",10,10,1020,1020,0,0,0,0,0,0,0,0,0,0,0,0,0,0,0,,,
2014,2014 Q2,June,Week 23,"Monday, June 2, 2014","Sunday, June 8, 2014",15,5,1017,-3,0,0,0,0,0,0,0,0,0,0,0,0,0,0,0,,,
2014,2014 Q2,June,Week 24,"Monday, June 9, 2014","Sunday, June 15, 2014",18,3,1193,176,0,0,0,0,0,0,0,0,0,0,0,0,0,0,0,,,
2014,2014 Q2,June,Week 25,"Monday, June 16, 2014","Sunday, June 22, 2014",19,1,1190,-3,0,0,0,0,0,0,0,0,0,0,0,0,0,0,0,,,
2014,2014 Q2,June,Week 26,"Monday, June 23, 2014","Sunday, June 29, 2014",19,0,1192,2,0,0,0,0,0,0,0,0,0,0,0,0,0,0,0,,,
2014,2014 Q2,June,Week 27,"Monday, June 30, 2014","Sunday, July 6, 2014",21,2,1197,5,0,0,0,0,0,0,0,0,0,0,0,0,0,0,0,,,
2014,2014 Q3,July,Week 28,"Monday, July 7, 2014","Sunday, July 13, 2014",21,0,1201,4,0,0,0,0,0,0,0,0,0,0,0,0,0,0,0,,,
2014,2014 Q3,July,Week 29,"Monday, July 14, 2014","Sunday, July 20, 2014",16,-5,1201,0,0,0,0,0,0,0,0,0,0,0,0,0,0,0,0,,,
2014,2014 Q3,July,Week 30,"Monday, July 21, 2014","Sunday, July 27, 2014",29,13,1326,125,0,0,0,0,0,0,0,0,0,0,0,0,0,0,0,,,
2014,2014 Q3,July,Week 31,"Monday, July 28, 2014","Sunday, August 3, 2014",30,1,1326,0,0,0,0,0,0,0,0,0,0,0,0,0,0,0,0,,,
2014,2014 Q3,August,Week 32,"Monday, August 4, 2014","Sunday, August 10, 2014",32,2,1326,0,0,0,0,0,0,0,0,0,0,0,0,0,0,0,0,,,
2014,2014 Q3,August,Week 33,"Monday, August 11, 2014","Sunday, August 17, 2014",35,3,1328,2,0,0,0,0,0,0,0,0,0,0,0,0,0,0,0,,,
2014,2014 Q3,August,Week 34,"Monday, August 18, 2014","Sunday, August 24, 2014",39,4,1331,3,0,0,0,0,0,0,0,0,0,0,0,0,0,0,0,,,
2014,2014 Q3,August,Week 35,"Monday, August 25, 2014","Sunday, August 31, 2014",40,1,1331,0,0,0,0,0,0,0,0,0,0,0,0,0,0,0,0,,,
2014,2014 Q3,September,Week 36,"Monday, September 1, 2014","Sunday, September 7, 2014",41,1,1331,0,0,0,0,0,0,0,0,0,0,0,0,0,0,0,0,,,
2014,2014 Q3,September,Week 37,"Monday, September 8, 2014","Sunday, September 14, 2014",42,1,1337,6,0,0,0,0,0,0,0,0,0,0,0,0,0,0,0,,,
2014,2014 Q3,September,Week 38,"Monday, September 15, 2014","Sunday, September 21, 2014",46,4,1340,3,0,0,0,0,0,0,0,0,0,0,0,0,0,0,0,,,
2014,2014 Q3,September,Week 39,"Monday, September 22, 2014","Sunday, September 28, 2014",48,2,1344,4,0,0,0,0,0,0,0,0,0,0,0,0,0,0,0,,,
2014,2014 Q3,September,Week 40,"Monday, September 29, 2014","Sunday, October 5, 2014",53,5,1318,-26,0,0,0,0,0,0,0,0,0,0,0,0,0,0,0,,,
2014,2014 Q4,October,Week 41,"Monday, October 6, 2014","Sunday, October 12, 2014",57,4,1324,6,0,0,0,0,0,0,0,0,0,0,0,0,0,0,0,,,
2014,2014 Q4,October,Week 42,"Monday, October 13, 2014","Sunday, October 19, 2014",58,1,1326,2,0,0,0,0,0,0,0,0,0,0,0,0,0,0,0,,,
2014,2014 Q4,October,Week 43,"Monday, October 20, 2014","Sunday, October 26, 2014",61,3,1320,-6,0,0,0,0,0,0,0,0,0,0,0,0,0,0,0,,,
2014,2014 Q4,October,Week 44,"Monday, October 27, 2014","Sunday, November 2, 2014",65,4,1332,12,0,0,0,0,0,0,0,0,0,0,0,0,0,0,0,,,
2014,2014 Q4,November,Week 45,"Monday, November 3, 2014","Sunday, November 9, 2014",65,0,1341,9,0,0,0,0,0,0,0,0,0,0,0,0,0,0,0,,,
2014,2014 Q4,November,Week 46,"Monday, November 10, 2014","Sunday, November 16, 2014",71,6,1345,4,0,0,0,0,0,0,0,0,0,0,0,0,0,0,0,,,
2014,2014 Q4,November,Week 47,"Monday, November 17, 2014","Sunday, November 23, 2014",74,3,1351,6,0,0,0,0,0,0,0,0,0,0,0,0,0,0,0,,,
2014,2014 Q4,November,Week 48,"Monday, November 24, 2014","Sunday, November 30, 2014",77,3,1320,-31,0,0,0,0,0,0,0,0,0,0,0,0,0,0,0,,,
2014,2014 Q4,December,Week 49,"Monday, December 1, 2014","Sunday, December 7, 2014",79,2,1326,6,0,0,0,0,0,0,0,0,0,0,0,0,0,0,0,,,
2014,2014 Q4,December,Week 50,"Monday, December 8, 2014","Sunday, December 14, 2014",81,2,1350,24,0,0,0,0,0,0,0,0,0,0,0,0,0,0,0,,,
2014,2014 Q4,December,Week 51,"Monday, December 15, 2014","Sunday, December 21, 2014",89,8,1357,7,0,0,0,0,0,0,0,0,0,0,0,0,0,0,0,,,
2014,2014 Q4,December,Week 52,"Monday, December 22, 2014","Sunday, December 28, 2014",90,1,1358,1,0,0,0,0,0,0,0,0,0,0,0,0,0,0,0,,,
2014,2014 Q4,December,"Week 01, 2015","Monday, December 29, 2014","Sunday, January 4, 2015",92,2,1357,-1,0,0,0,0,0,0,0,0,0,0,0,0,0,0,0,,,
2015,2015 Q1,January,Week 02,"Monday, January 5, 2015","Sunday, January 11, 2015",92,0,1358,1,0,0,0,0,0,0,0,0,0,0,0,0,0,0,0,,,
2015,2015 Q1,January,Week 03,"Monday, January 12, 2015","Sunday, January 18, 2015",96,4,1369,11,0,0,0,0,0,0,0,0,0,0,0,0,0,0,0,,,
2015,2015 Q1,January,Week 04,"Monday, January 19, 2015","Sunday, January 25, 2015",99,3,1375,6,0,0,0,0,0,0,0,0,0,0,0,0,0,0,0,,,
2015,2015 Q1,January,Week 05,"Monday, January 26, 2015","Sunday, February 1, 2015",102,3,1409,34,0,0,0,0,0,0,0,0,0,0,0,0,0,0,0,,,
2015,2015 Q1,February,Week 06,"Monday, February 2, 2015","Sunday, February 8, 2015",102,0,1420,11,0,0,0,0,0,0,0,0,0,0,0,0,0,0,0,,,
2015,2015 Q1,February,Week 07,"Monday, February 9, 2015","Sunday, February 15, 2015",103,1,1423,3,0,0,0,0,0,0,0,0,0,0,0,0,0,0,0,,,
2015,2015 Q1,February,Week 08,"Monday, February 16, 2015","Sunday, February 22, 2015",108,5,1428,5,0,0,0,0,0,0,0,0,0,0,0,0,0,0,0,,,
2015,2015 Q1,February,Week 09,"Monday, February 23, 2015","Sunday, March 1, 2015",110,2,1466,38,0,0,0,0,0,0,0,0,0,0,0,0,0,0,0,,,
2015,2015 Q1,March,Week 10,"Monday, March 2, 2015","Sunday, March 8, 2015",112,2,1471,5,0,0,0,0,0,0,0,0,0,0,0,0,0,0,0,,,
2015,2015 Q1,March,Week 11,"Monday, March 9, 2015","Sunday, March 15, 2015",115,3,1477,6,0,0,0,0,0,0,0,0,0,0,0,0,0,0,0,,,
2015,2015 Q1,March,Week 12,"Monday, March 16, 2015","Sunday, March 22, 2015",116,1,1481,4,0,0,0,0,0,0,0,0,0,0,0,0,0,0,0,,,
2015,2015 Q1,March,Week 13,"Monday, March 23, 2015","Sunday, March 29, 2015",120,4,1497,16,0,0,0,0,0,0,0,0,0,0,0,0,0,0,0,,,
2015,2015 Q1,March,Week 14,"Monday, March 30, 2015","Sunday, April 5, 2015",123,3,1553,56,0,0,0,0,0,0,0,0,0,0,0,0,0,0,0,,,
2015,2015 Q2,April,Week 15,"Monday, April 6, 2015","Sunday, April 12, 2015",125,2,1563,10,0,0,0,0,0,0,0,0,0,0,0,0,0,0,0,,,
2015,2015 Q2,April,Week 16,"Monday, April 13, 2015","Sunday, April 19, 2015",126,1,1579,16,0,0,0,0,0,0,0,0,0,0,0,0,0,0,0,,,
2015,2015 Q2,April,Week 17,"Monday, April 20, 2015","Sunday, April 26, 2015",130,4,1588,9,0,0,0,0,0,0,0,0,0,0,0,0,0,0,0,,,
2015,2015 Q2,April,Week 18,"Monday, April 27, 2015","Sunday, May 3, 2015",133,3,1620,32,0,0,0,0,0,0,0,0,0,0,0,0,0,0,0,,,
2015,2015 Q2,May,Week 19,"Monday, May 4, 2015","Sunday, May 10, 2015",142,9,1653,33,0,0,0,0,0,0,0,0,0,0,0,0,0,0,0,,,
2015,2015 Q2,May,Week 20,"Monday, May 11, 2015","Sunday, May 17, 2015",149,7,1666,13,0,0,0,0,0,0,0,0,0,0,0,0,0,0,0,,,
2015,2015 Q2,May,Week 21,"Monday, May 18, 2015","Sunday, May 24, 2015",153,4,1665,-1,0,0,0,0,0,0,0,0,0,0,0,0,0,0,0,,,
2015,2015 Q2,May,Week 22,"Monday, May 25, 2015","Sunday, May 31, 2015",154,1,1681,16,0,0,0,0,0,0,0,0,0,0,0,0,0,0,0,,,
2015,2015 Q2,June,Week 23,"Monday, June 1, 2015","Sunday, June 7, 2015",156,2,1686,5,0,0,0,0,0,0,0,0,0,0,0,0,0,0,0,,,
2015,2015 Q2,June,Week 24,"Monday, June 8, 2015","Sunday, June 14, 2015",163,7,1692,6,0,0,0,0,0,0,0,0,0,0,0,0,0,0,0,,,
2015,2015 Q2,June,Week 25,"Monday, June 15, 2015","Sunday, June 21, 2015",166,3,1857,165,0,0,0,0,0,0,0,0,0,0,0,0,0,0,0,,,
2015,2015 Q2,June,Week 26,"Monday, June 22, 2015","Sunday, June 28, 2015",171,5,1868,11,0,0,0,0,0,0,0,0,0,0,0,0,0,0,0,,,
2015,2015 Q2,June,Week 27,"Monday, June 29, 2015","Sunday, July 5, 2015",173,2,1880,12,0,0,0,0,0,0,0,0,0,0,0,0,0,0,0,,,
2015,2015 Q3,July,Week 28,"Monday, July 6, 2015","Sunday, July 12, 2015",174,1,1885,5,0,0,0,0,0,0,0,0,0,0,0,0,0,0,0,,,
2015,2015 Q3,July,Week 29,"Monday, July 13, 2015","Sunday, July 19, 2015",177,3,1930,45,0,0,0,0,0,0,0,0,0,0,0,0,0,0,0,,,
2015,2015 Q3,July,Week 30,"Monday, July 20, 2015","Sunday, July 26, 2015",178,1,1940,10,0,0,0,0,0,0,0,0,0,0,0,0,0,0,0,,,
2015,2015 Q3,July,Week 31,"Monday, July 27, 2015","Sunday, August 2, 2015",180,2,1950,10,0,0,0,0,0,0,0,0,0,0,0,0,0,0,0,,,
2015,2015 Q3,August,Week 32,"Monday, August 3, 2015","Sunday, August 9, 2015",181,1,2121,171,0,0,0,0,0,0,0,0,0,0,0,0,0,0,0,,,
2015,2015 Q3,August,Week 33,"Monday, August 10, 2015","Sunday, August 16, 2015",156,-25,2121,0,0,0,0,0,0,0,0,0,0,0,0,0,0,0,0,,,
2015,2015 Q3,August,Week 34,"Monday, August 17, 2015","Sunday, August 23, 2015",157,1,2121,0,0,0,0,0,0,0,0,0,0,0,0,0,0,0,0,,,
2015,2015 Q3,August,Week 35,"Monday, August 24, 2015","Sunday, August 30, 2015",159,2,2121,0,0,0,0,0,0,0,0,0,0,0,0,0,0,0,0,,,
2015,2015 Q3,August,Week 36,"Monday, August 31, 2015","Sunday, September 6, 2015",160,1,2121,0,0,0,0,0,0,0,0,0,0,0,0,0,0,0,0,,,
2015,2015 Q3,September,Week 37,"Monday, September 7, 2015","Sunday, September 13, 2015",160,0,2121,0,0,0,0,0,0,0,0,0,0,0,0,0,0,0,0,,,
2015,2015 Q3,September,Week 38,"Monday, September 14, 2015","Sunday, September 20, 2015",160,0,2121,0,0,0,0,0,0,0,0,0,0,0,0,0,0,0,0,,,
2015,2015 Q3,September,Week 39,"Monday, September 21, 2015","Sunday, September 27, 2015",160,0,2121,0,0,0,0,0,0,0,0,0,0,0,0,0,0,0,0,,,
2015,2015 Q3,September,Week 40,"Monday, September 28, 2015","Sunday, October 4, 2015",163,3,2121,0,0,0,0,0,0,0,0,0,0,0,0,0,0,0,0,,,
2015,2015 Q4,October,Week 41,"Monday, October 5, 2015","Sunday, October 11, 2015",169,6,2145,24,0,0,0,0,0,0,0,0,0,0,0,0,0,0,0,,,
2015,2015 Q4,October,Week 42,"Monday, October 12, 2015","Sunday, October 18, 2015",160,-9,2162,17,0,0,0,0,0,0,0,0,0,0,0,0,0,0,0,,,
2015,2015 Q4,October,Week 43,"Monday, October 19, 2015","Sunday, October 25, 2015",160,0,2223,61,0,0,0,0,0,0,0,0,0,0,0,0,0,0,0,,,
2015,2015 Q4,October,Week 44,"Monday, October 26, 2015","Sunday, November 1, 2015",184,24,2755,532,0,0,0,0,0,0,0,0,0,0,0,0,0,0,0,,,
2015,2015 Q4,November,Week 45,"Monday, November 2, 2015","Sunday, November 8, 2015",186,2,2774,19,0,0,0,0,0,0,0,0,0,0,0,0,0,0,0,,,
2015,2015 Q4,November,Week 46,"Monday, November 9, 2015","Sunday, November 15, 2015",191,5,2811,37,0,0,0,0,0,0,0,0,0,0,0,0,0,0,0,,,
2015,2015 Q4,November,Week 47,"Monday, November 16, 2015","Sunday, November 22, 2015",194,3,2694,-117,0,0,0,0,0,0,0,0,0,0,0,0,0,0,0,,,
2015,2015 Q4,November,Week 48,"Monday, November 23, 2015","Sunday, November 29, 2015",198,4,3074,380,0,0,0,0,0,0,0,0,0,0,0,0,0,0,0,,,
2015,2015 Q4,November,Week 49,"Monday, November 30, 2015","Sunday, December 6, 2015",200,2,3105,31,0,0,0,0,0,0,0,0,0,0,0,0,0,0,0,,,
2015,2015 Q4,December,Week 50,"Monday, December 7, 2015","Sunday, December 13, 2015",201,1,3509,404,0,0,0,0,0,0,0,0,0,0,0,0,0,0,0,,,
2015,2015 Q4,December,Week 51,"Monday, December 14, 2015","Sunday, December 20, 2015",204,3,3520,11,0,0,0,0,0,0,0,0,0,0,0,0,0,0,0,,,
2015,2015 Q4,December,Week 52,"Monday, December 21, 2015","Sunday, December 27, 2015",204,0,3519,-1,0,0,0,0,0,0,0,0,0,0,0,0,0,0,0,,,
2015,2015 Q4,December,Week 53,"Monday, December 28, 2015","Sunday, January 3, 2016",204,0,3615,96,0,0,0,0,0,0,0,0,0,0,0,0,0,0,0,,,
2016,2016 Q1,January,"Week 01, 2016","Monday, January 4, 2016","Sunday, January 10, 2016",207,3,3614,-1,0,0,0,0,0,0,0,0,0,0,0,0,0,0,0,,,
2016,2016 Q1,January,Week 02,"Monday, January 11, 2016","Sunday, January 17, 2016",210,3,3602,-12,0,0,0,0,0,0,0,0,0,0,0,0,0,0,0,,,
2016,2016 Q1,January,Week 03,"Monday, January 18, 2016","Sunday, January 24, 2016",213,3,3615,13,0,0,0,0,0,0,0,0,0,0,0,0,0,0,0,,,
2016,2016 Q1,January,Week 04,"Monday, January 25, 2016","Sunday, January 31, 2016",216,3,3619,4,0,0,0,0,0,0,0,0,0,0,0,0,0,0,0,,,
2016,2016 Q1,February,Week 05,"Monday, February 1, 2016","Sunday, February 7, 2016",218,2,3645,26,0,0,0,0,0,0,0,0,0,0,0,0,0,0,0,,,
2016,2016 Q1,February,Week 06,"Monday, February 8, 2016","Sunday, February 14, 2016",218,0,3860,215,0,0,0,0,0,0,0,0,0,0,0,0,0,0,0,,,
2016,2016 Q1,February,Week 07,"Monday, February 15, 2016","Sunday, February 21, 2016",223,5,3867,7,0,0,0,0,0,0,0,0,0,0,0,0,0,0,0,,,
2016,2016 Q1,February,Week 08,"Monday, February 22, 2016","Sunday, February 28, 2016",226,3,3889,22,0,0,0,0,0,0,0,0,0,0,0,0,0,0,0,,,
2016,2016 Q1,February,Week 09,"Monday, February 29, 2016","Sunday, March 6, 2016",226,0,3897,8,0,0,0,0,0,0,0,0,0,0,0,0,0,0,0,,,
2016,2016 Q1,March,Week 10,"Monday, March 7, 2016","Sunday, March 13, 2016",226,0,3902,5,0,0,0,0,0,0,0,0,0,0,0,0,0,0,0,,,
2016,2016 Q1,March,Week 11,"Monday, March 14, 2016","Sunday, March 20, 2016",227,1,3929,27,0,0,0,0,0,0,0,0,0,0,0,0,0,0,0,,,
2016,2016 Q1,March,Week 12,"Monday, March 21, 2016","Sunday, March 27, 2016",227,0,3931,2,0,0,0,0,0,0,0,0,0,0,0,0,0,0,0,,,
2016,2016 Q1,March,Week 13,"Monday, March 28, 2016","Sunday, April 3, 2016",233,6,3972,41,0,0,0,0,0,0,0,0,0,0,0,0,0,0,0,,,
2016,2016 Q2,April,Week 14,"Monday, April 4, 2016","Sunday, April 10, 2016",234,1,3997,25,0,0,0,0,0,0,0,0,0,0,0,0,0,0,0,,,
2016,2016 Q2,April,Week 15,"Monday, April 11, 2016","Sunday, April 17, 2016",234,0,3946,-51,0,0,0,0,0,0,0,0,0,0,0,0,0,0,0,,,
2016,2016 Q2,April,Week 16,"Monday, April 18, 2016","Sunday, April 24, 2016",237,3,3967,21,0,0,0,0,0,0,0,0,0,0,0,0,0,0,0,,,
2016,2016 Q2,April,Week 17,"Monday, April 25, 2016","Sunday, May 1, 2016",239,2,3981,14,0,0,0,0,0,0,0,0,0,0,0,0,0,0,0,,,
2016,2016 Q2,May,Week 18,"Monday, May 2, 2016","Sunday, May 8, 2016",240,1,3996,15,0,0,0,0,0,0,0,0,0,0,0,0,0,0,0,,,
2016,2016 Q2,May,Week 19,"Monday, May 9, 2016","Sunday, May 15, 2016",240,0,4000,4,0,0,0,0,0,0,0,0,0,0,0,0,0,0,0,,,
2016,2016 Q2,May,Week 20,"Monday, May 16, 2016","Sunday, May 22, 2016",243,3,4007,7,0,0,0,0,0,0,0,0,0,0,0,0,0,0,0,,,
2016,2016 Q2,May,Week 21,"Monday, May 23, 2016","Sunday, May 29, 2016",245,2,4016,9,0,0,0,0,0,0,0,0,0,0,0,0,0,0,0,,,
2016,2016 Q2,May,Week 22,"Monday, May 30, 2016","Sunday, June 5, 2016",245,0,4025,9,0,0,0,0,0,0,0,0,0,0,0,0,0,0,0,,,
2016,2016 Q2,June,Week 23,"Monday, June 6, 2016","Sunday, June 12, 2016",245,0,4025,0,0,0,0,0,0,0,0,0,0,0,0,0,0,0,0,,,
2016,2016 Q2,June,Week 24,"Monday, June 13, 2016","Sunday, June 19, 2016",248,3,4032,7,0,0,0,0,0,0,0,0,0,0,0,0,0,0,0,,,
2016,2016 Q2,June,Week 25,"Monday, June 20, 2016","Sunday, June 26, 2016",248,0,4048,16,0,0,0,0,0,0,0,0,0,0,0,0,0,0,0,,,
2016,2016 Q2,June,Week 26,"Monday, June 27, 2016","Sunday, July 3, 2016",249,1,4051,3,0,0,0,0,0,0,0,0,0,0,0,0,0,0,0,,,
2016,2016 Q3,July,Week 27,"Monday, July 4, 2016","Sunday, July 10, 2016",251,2,4065,14,0,0,0,0,0,0,0,0,0,0,0,0,0,0,0,,,
2016,2016 Q3,July,Week 28,"Monday, July 11, 2016","Sunday, July 17, 2016",252,1,4058,-7,0,0,0,0,0,0,0,0,0,0,0,0,0,0,0,,,
2016,2016 Q3,July,Week 29,"Monday, July 18, 2016","Sunday, July 24, 2016",231,-21,4063,5,0,0,0,0,0,0,0,0,0,0,0,0,0,0,0,,,
2016,2016 Q3,July,Week 30,"Monday, July 25, 2016","Sunday, July 31, 2016",233,2,4073,10,0,0,0,0,0,0,0,0,0,0,0,0,0,0,0,,,
2016,2016 Q3,August,Week 31,"Monday, August 1, 2016","Sunday, August 7, 2016",233,0,4053,-20,0,0,0,0,0,0,0,0,0,0,0,0,0,0,0,,,
2016,2016 Q3,August,Week 32,"Monday, August 8, 2016","Sunday, August 14, 2016",233,0,4050,-3,0,0,0,0,0,0,0,0,0,0,0,0,0,0,0,,,
2016,2016 Q3,August,Week 33,"Monday, August 15, 2016","Sunday, August 21, 2016",234,1,4053,3,0,0,0,0,0,0,0,0,0,0,0,0,0,0,0,,,
2016,2016 Q3,August,Week 34,"Monday, August 22, 2016","Sunday, August 28, 2016",235,1,4067,14,0,0,0,0,0,0,0,0,0,0,0,0,0,0,0,,,
2016,2016 Q3,August,Week 35,"Monday, August 29, 2016","Sunday, September 4, 2016",238,3,4093,26,0,0,0,0,0,0,0,0,0,0,0,0,0,0,0,,,
2016,2016 Q3,September,Week 36,"Monday, September 5, 2016","Sunday, September 11, 2016",238,0,4083,-10,0,0,0,0,0,0,0,0,0,0,0,0,0,0,0,,,
2016,2016 Q3,September,Week 37,"Monday, September 12, 2016","Sunday, September 18, 2016",239,1,4089,6,0,0,0,0,0,0,0,0,0,0,0,0,0,0,0,,,
2016,2016 Q3,September,Week 38,"Monday, September 19, 2016","Sunday, September 25, 2016",239,0,4114,25,0,0,0,0,0,0,0,0,0,0,0,0,0,0,0,,,
2016,2016 Q3,September,Week 39,"Monday, September 26, 2016","Sunday, October 2, 2016",241,2,4123,9,0,0,0,0,0,0,0,0,0,0,0,0,0,0,0,,,
2016,2016 Q4,October,Week 40,"Monday, October 3, 2016","Sunday, October 9, 2016",242,1,4149,26,0,0,0,0,0,0,0,0,0,0,0,0,0,0,0,,,
2016,2016 Q4,October,Week 41,"Monday, October 10, 2016","Sunday, October 16, 2016",245,3,4185,36,0,0,0,0,0,0,0,0,0,0,0,0,0,0,0,,,
2016,2016 Q4,October,Week 42,"Monday, October 17, 2016","Sunday, October 23, 2016",247,2,4206,21,0,0,0,0,0,0,0,0,0,0,0,0,0,0,0,,,
2016,2016 Q4,October,Week 43,"Monday, October 24, 2016","Sunday, October 30, 2016",252,5,4216,10,0,0,0,0,0,0,0,0,0,0,0,0,0,0,0,,,
2016,2016 Q4,October,Week 44,"Monday, October 31, 2016","Sunday, November 6, 2016",253,1,4248,32,0,0,0,0,0,0,0,0,0,0,0,0,0,0,0,,,
2016,2016 Q4,November,Week 45,"Monday, November 7, 2016","Sunday, November 13, 2016",253,0,4250,2,0,0,0,0,0,0,0,0,0,0,0,0,0,0,0,,,
2016,2016 Q4,November,Week 46,"Monday, November 14, 2016","Sunday, November 20, 2016",254,1,4369,119,0,0,0,0,0,0,0,0,0,0,0,0,0,0,0,,,
2016,2016 Q4,November,Week 47,"Monday, November 21, 2016","Sunday, November 27, 2016",254,0,4405,36,0,0,0,0,0,0,0,0,0,0,0,0,0,0,0,,,
2016,2016 Q4,November,Week 48,"Monday, November 28, 2016","Sunday, December 4, 2016",254,0,4408,3,0,0,0,0,0,0,0,0,0,0,0,0,0,0,0,,,
2016,2016 Q4,December,Week 49,"Monday, December 5, 2016","Sunday, December 11, 2016",255,1,4410,2,0,0,0,0,0,0,0,0,0,0,0,0,0,0,0,,,
2016,2016 Q4,December,Week 50,"Monday, December 12, 2016","Sunday, December 18, 2016",258,3,4413,3,0,0,0,0,0,0,0,0,0,0,0,0,0,0,0,,,
2016,2016 Q4,December,Week 51,"Monday, December 19, 2016","Sunday, December 25, 2016",256,-2,4422,9,0,0,0,0,0,0,0,0,0,0,0,0,0,0,0,,,
2016,2016 Q4,December,Week 52,"Monday, December 26, 2016","Sunday, January 1, 2017",258,2,4422,0,0,0,0,0,0,0,0,0,0,0,0,0,0,0,0,,,
2017,2017 Q1,January,"Week 01, 2017","Monday, January 2, 2017","Sunday, January 8, 2017",258,0,4432,10,0,0,0,0,0,0,0,0,0,0,0,0,0,0,0,,,
2017,2017 Q1,January,Week 02,"Monday, January 9, 2017","Sunday, January 15, 2017",257,-1,4441,9,0,0,0,0,0,0,0,0,0,0,0,0,0,0,0,,,
2017,2017 Q1,January,Week 03,"Monday, January 16, 2017","Sunday, January 22, 2017",257,0,4377,-64,0,0,0,0,0,0,0,0,0,0,0,0,0,0,0,,,
2017,2017 Q1,January,Week 04,"Monday, January 23, 2017","Sunday, January 29, 2017",258,1,4390,13,0,0,0,0,0,0,0,0,0,0,0,0,0,0,0,,,
2017,2017 Q1,January,Week 05,"Monday, January 30, 2017","Sunday, February 5, 2017",259,1,4405,15,0,0,0,0,0,0,0,0,0,0,0,0,0,0,0,,,
2017,2017 Q1,February,Week 06,"Monday, February 6, 2017","Sunday, February 12, 2017",264,5,4405,0,0,0,0,0,0,0,0,0,0,0,0,0,0,0,0,,,
2017,2017 Q1,February,Week 07,"Monday, February 13, 2017","Sunday, February 19, 2017",264,0,4413,8,0,0,0,0,0,0,0,0,0,0,0,0,0,0,0,,,
2017,2017 Q1,February,Week 08,"Monday, February 20, 2017","Sunday, February 26, 2017",264,0,4423,10,0,0,0,0,0,0,0,0,0,0,0,0,0,0,0,,,
2017,2017 Q1,February,Week 09,"Monday, February 27, 2017","Sunday, March 5, 2017",267,3,4434,11,0,0,0,0,0,0,0,0,0,0,0,0,0,0,0,,,
2017,2017 Q1,March,Week 10,"Monday, March 6, 2017","Sunday, March 12, 2017",268,1,4446,12,0,0,0,0,0,0,0,0,0,0,0,0,0,0,0,,,
2017,2017 Q1,March,Week 11,"Monday, March 13, 2017","Sunday, March 19, 2017",269,1,4451,5,0,0,0,0,0,0,0,0,0,0,0,0,0,0,0,,,
2017,2017 Q1,March,Week 12,"Monday, March 20, 2017","Sunday, March 26, 2017",269,0,4472,21,0,0,0,0,0,0,0,0,0,0,0,0,0,0,0,,,
2017,2017 Q1,March,Week 13,"Monday, March 27, 2017","Sunday, April 2, 2017",270,1,4479,7,0,0,0,0,0,0,0,0,0,0,0,0,0,0,0,,,
2017,2017 Q2,April,Week 14,"Monday, April 3, 2017","Sunday, April 9, 2017",272,2,4482,3,0,0,0,0,0,0,0,0,0,0,0,0,0,0,0,,,
2017,2017 Q2,April,Week 15,"Monday, April 10, 2017","Sunday, April 16, 2017",275,3,4505,23,0,0,0,0,0,0,0,0,0,0,0,0,0,0,0,,,
2017,2017 Q2,April,Week 16,"Monday, April 17, 2017","Sunday, April 23, 2017",276,1,4511,6,0,0,0,0,0,0,0,0,0,0,0,0,0,0,0,,,
2017,2017 Q2,April,Week 17,"Monday, April 24, 2017","Sunday, April 30, 2017",276,0,4514,3,0,0,0,0,0,0,0,0,0,0,0,0,0,0,0,,,
2017,2017 Q2,May,Week 18,"Monday, May 1, 2017","Sunday, May 7, 2017",276,0,4521,7,0,0,0,0,0,0,0,0,0,0,0,0,0,0,0,,,
2017,2017 Q2,May,Week 19,"Monday, May 8, 2017","Sunday, May 14, 2017",277,1,4536,15,0,0,0,0,0,0,0,0,0,0,0,0,0,0,0,,,
2017,2017 Q2,May,Week 20,"Monday, May 15, 2017","Sunday, May 21, 2017",277,0,4586,50,0,0,0,0,0,0,0,0,0,0,0,0,0,0,0,,,
2017,2017 Q2,May,Week 21,"Monday, May 22, 2017","Sunday, May 28, 2017",280,3,4623,37,0,0,0,0,0,0,0,0,0,0,0,0,0,0,0,,,
2017,2017 Q2,May,Week 22,"Monday, May 29, 2017","Sunday, June 4, 2017",286,6,4614,-9,0,0,0,0,0,0,0,0,0,0,0,0,0,0,0,,,
2017,2017 Q2,June,Week 23,"Monday, June 5, 2017","Sunday, June 11, 2017",286,0,4628,14,0,0,0,0,0,0,0,0,0,0,0,0,0,0,0,,,
2017,2017 Q2,June,Week 24,"Monday, June 12, 2017","Sunday, June 18, 2017",287,1,4641,13,0,0,0,0,0,0,0,0,0,0,0,0,0,0,0,,,
2017,2017 Q2,June,Week 25,"Monday, June 19, 2017","Sunday, June 25, 2017",287,0,4664,23,0,0,0,0,0,0,0,0,0,0,0,0,0,0,0,,,
2017,2017 Q2,June,Week 26,"Monday, June 26, 2017","Sunday, July 2, 2017",287,0,4667,3,0,0,0,0,0,0,0,0,0,0,0,0,0,0,0,,,
2017,2017 Q3,July,Week 27,"Monday, July 3, 2017","Sunday, July 9, 2017",287,0,4919,252,0,0,0,0,0,0,0,0,0,0,0,0,0,0,0,,,
2017,2017 Q3,July,Week 28,"Monday, July 10, 2017","Sunday, July 16, 2017",288,1,4931,12,0,0,0,0,0,0,0,0,0,0,0,0,0,0,0,,,
2017,2017 Q3,July,Week 29,"Monday, July 17, 2017","Sunday, July 23, 2017",288,0,4972,41,0,0,0,0,0,0,0,0,0,0,0,0,0,0,0,,,
2017,2017 Q3,July,Week 30,"Monday, July 24, 2017","Sunday, July 30, 2017",290,2,5267,295,0,0,0,0,0,0,0,0,0,0,0,0,0,0,0,,,
2017,2017 Q3,July,Week 31,"Monday, July 31, 2017","Sunday, August 6, 2017",292,2,5471,204,0,0,0,0,0,0,0,0,0,0,0,0,0,0,0,,,
2017,2017 Q3,August,Week 32,"Monday, August 7, 2017","Sunday, August 13, 2017",294,2,5353,-118,0,0,0,0,0,0,0,0,0,0,0,0,0,0,0,,,
2017,2017 Q3,August,Week 33,"Monday, August 14, 2017","Sunday, August 20, 2017",295,1,5365,12,0,0,0,0,0,0,0,0,0,0,0,0,0,0,0,,,
2017,2017 Q3,August,Week 34,"Monday, August 21, 2017","Sunday, August 27, 2017",295,0,5390,25,0,0,0,0,0,0,0,0,0,0,0,0,0,0,0,,,
2017,2017 Q3,August,Week 35,"Monday, August 28, 2017","Sunday, September 3, 2017",295,0,5412,22,0,0,0,0,0,0,0,0,0,0,0,0,0,0,0,,,
2017,2017 Q3,September,Week 36,"Monday, September 4, 2017","Sunday, September 10, 2017",295,0,5584,172,0,0,0,0,0,0,0,0,0,0,0,0,0,0,0,,,
2017,2017 Q3,September,Week 37,"Monday, September 11, 2017","Sunday, September 17, 2017",296,1,5666,82,0,0,0,0,0,0,0,0,0,0,0,0,0,0,0,,,
2017,2017 Q3,September,Week 38,"Monday, September 18, 2017","Sunday, September 24, 2017",301,5,5670,4,0,0,0,0,0,0,0,0,0,0,0,0,0,0,0,,,
2017,2017 Q3,September,Week 39,"Monday, September 25, 2017","Sunday, October 1, 2017",305,4,5724,54,0,0,0,0,0,0,0,0,0,0,0,0,0,0,0,,,
2017,2017 Q4,October,Week 40,"Monday, October 2, 2017","Sunday, October 8, 2017",314,9,5796,72,0,0,0,0,0,0,0,0,0,0,0,0,0,0,0,,,
2017,2017 Q4,October,Week 41,"Monday, October 9, 2017","Sunday, October 15, 2017",314,0,5844,48,0,0,0,0,0,0,0,0,0,0,0,0,0,0,0,,,
2017,2017 Q4,October,Week 42,"Monday, October 16, 2017","Sunday, October 22, 2017",316,2,5855,11,0,0,0,0,0,0,0,0,0,0,0,0,0,0,0,,,
2017,2017 Q4,October,Week 43,"Monday, October 23, 2017","Sunday, October 29, 2017",318,2,5854,-1,0,0,0,0,0,0,0,0,0,0,0,0,0,0,0,,,
2017,2017 Q4,October,Week 44,"Monday, October 30, 2017","Sunday, November 5, 2017",322,4,5855,1,0,0,0,0,0,0,0,0,0,0,0,0,0,0,0,,,
2017,2017 Q4,November,Week 45,"Monday, November 6, 2017","Sunday, November 12, 2017",324,2,5897,42,0,0,0,0,0,0,0,0,0,0,0,0,0,0,0,,,
2017,2017 Q4,November,Week 46,"Monday, November 13, 2017","Sunday, November 19, 2017",326,2,5914,17,0,0,0,0,0,0,0,0,0,0,0,0,0,0,0,,,
2017,2017 Q4,November,Week 47,"Monday, November 20, 2017","Sunday, November 26, 2017",327,1,5939,25,0,0,0,0,0,0,0,0,0,0,0,0,0,0,0,,,
2017,2017 Q4,November,Week 48,"Monday, November 27, 2017","Sunday, December 3, 2017",328,1,6161,222,0,0,0,0,0,0,0,0,0,0,0,0,0,0,0,,,
2017,2017 Q4,December,Week 49,"Monday, December 4, 2017","Sunday, December 10, 2017",329,1,6213,52,0,0,0,0,0,0,0,0,0,0,0,0,0,0,0,,,
2017,2017 Q4,December,Week 50,"Monday, December 11, 2017","Sunday, December 17, 2017",331,2,6225,12,0,0,0,0,0,0,0,0,0,0,0,0,0,0,0,,,
2017,2017 Q4,December,Week 51,"Monday, December 18, 2017","Sunday, December 24, 2017",335,4,6226,1,0,0,0,0,0,0,0,0,0,0,0,0,0,0,0,,,
2017,2017 Q4,December,Week 52,"Monday, December 25, 2017","Sunday, December 31, 2017",335,0,6288,62,0,0,0,0,0,0,0,0,0,0,0,0,0,0,0,,,
2018,2018 Q1,January,"Week 01, 2018","Monday, January 1, 2018","Sunday, January 7, 2018",335,0,6289,1,0,0,0,0,0,0,0,0,0,0,0,0,0,0,0,,,
2018,2018 Q1,January,Week 02,"Monday, January 8, 2018","Sunday, January 14, 2018",337,2,6391,102,0,0,0,0,0,0,0,0,0,0,0,0,0,0,0,,,
2018,2018 Q1,January,Week 03,"Monday, January 15, 2018","Sunday, January 21, 2018",337,0,6398,7,0,0,0,0,0,0,0,0,0,0,0,0,0,0,0,,,
2018,2018 Q1,January,Week 04,"Monday, January 22, 2018","Sunday, January 28, 2018",337,0,6421,23,0,0,0,0,0,0,0,0,0,0,0,0,0,0,0,,,
2018,2018 Q1,January,Week 05,"Monday, January 29, 2018","Sunday, February 4, 2018",337,0,6450,29,0,0,0,0,0,0,0,0,0,0,0,0,0,0,0,,,
2018,2018 Q1,February,Week 06,"Monday, February 5, 2018","Sunday, February 11, 2018",338,1,6458,8,0,0,0,0,0,0,0,0,0,0,0,0,0,0,0,,,
2018,2018 Q1,February,Week 07,"Monday, February 12, 2018","Sunday, February 18, 2018",338,0,6520,62,0,0,0,0,0,0,0,0,0,0,0,0,0,0,0,,,
2018,2018 Q1,February,Week 08,"Monday, February 19, 2018","Sunday, February 25, 2018",339,1,6580,60,0,0,0,0,0,0,0,0,0,0,0,0,0,0,0,,,
2018,2018 Q1,February,Week 09,"Monday, February 26, 2018","Sunday, March 4, 2018",342,3,6603,23,456,3780,1740,9,158,2354,1180,291,291,51,51,5340,1050,6425,5340,,,
2018,2018 Q1,March,Week 10,"Monday, March 5, 2018","Sunday, March 11, 2018",342,0,6610,7,460,3796,1743,10,160,2360,1187,291,0,51,0,5360,1067,6430,20,,,
2018,2018 Q1,March,Week 11,"Monday, March 12, 2018","Sunday, March 18, 2018",342,0,6623,13,471,3803,1756,10,165,2371,1196,292,1,50,-1,5368,1071,6439,8,,,
2018,2018 Q1,March,Week 12,"Monday, March 19, 2018","Sunday, March 25, 2018",343,1,6640,17,470,3817,1766,13,165,2374,1197,293,1,50,0,5448,1082,6530,80,,,
2018,2018 Q1,March,Week 13,"Monday, March 26, 2018","Sunday, April 1, 2018",346,3,6657,17,472,3823,1768,13,170,2374,1204,297,4,50,0,5478,1088,6573,30,,,
2018,2018 Q2,April,Week 14,"Monday, April 2, 2018","Sunday, April 8, 2018",352,6,6670,13,473,3833,1770,14,172,2374,1208,300,3,50,0,5516,1094,6620,38,,,
2018,2018 Q2,April,Week 15,"Monday, April 9, 2018","Sunday, April 15, 2018",352,0,6674,4,474,3840,1773,14,178,2374,1213,302,2,50,0,5578,1103,6681,62,,,
2018,2018 Q2,April,Week 16,"Monday, April 16, 2018","Sunday, April 22, 2018",354,2,6675,1,476,3839,1773,15,179,2373,1214,304,2,50,0,5609,1114,6723,31,,,
2018,2018 Q2,April,Week 17,"Monday, April 23, 2018","Sunday, April 29, 2018",355,1,6679,4,477,3844,1772,15,181,2375,1216,305,1,50,0,5648,1123,6771,39,,,
2018,2018 Q2,May,Week 18,"Monday, April 30, 2018","Sunday, May 6, 2018",355,0,6655,-24,479,3819,1772,15,181,2348,1216,305,0,50,0,5688,1127,6815,40,,,
2018,2018 Q2,May,Week 19,"Monday, May 7, 2018","Sunday, May 13, 2018",356,1,6663,6,478,3827,1774,15,186,2351,1220,306,1,51,1,5721,1136,6857,33,,,
2018,2018 Q2,May,Week 20,"Monday, May 14, 2018","Sunday, May 20, 2018",356,0,6566,-97,478,3825,1776,15,896,2338,1217,306,0,50,-1,5776,1149,6925,55,,,
2018,2018 Q2,May,Week 21,"Monday, May 21, 2018","Sunday, May 27, 2018",357,1,6341,-225,471,3829,1768,15,901,2344,1223,307,1,50,0,5818,1155,6973,42,,,
2018,2018 Q2,May,Week 22,"Monday, May 28, 2018","Sunday, June 3, 2018",358,1,5869,-472,471,3836,1769,15,907,2341,1228,308,1,50,0,5839,1185,7024,21,,,
2018,2018 Q2,June,Week 23,"Monday, June 4, 2018","Sunday, June 10, 2018",361,3,5885,16,471,3851,1781,15,912,2347,1233,311,3,50,0,5851,1224,7075,12,,,
2018,2018 Q2,June,Week 24,"Monday, June 11, 2018","Sunday, June 17, 2018",361,0,5886,1,471,3869,1781,15,915,2347,1236,312,1,50,0,5883,1250,7133,32,,,
2018,2018 Q2,June,Week 25,"Monday, June 18, 2018","Sunday, June 24, 2018",362,1,5892,8,470,3876,1783,15,917,2346,1238,312,0,50,0,5906,1281,7187,23,,,
2018,2018 Q2,June,Week 26,"Monday, June 25, 2018","Sunday, July 1, 2018",362,0,5914,22,470,3895,1790,15,926,2352,1248,312,0,50,0,5975,1328,7291,69,,,
2018,2018 Q3,July,Week 27,"Monday, July 2, 2018","Sunday, July 8, 2018",365,3,5930,16,471,3890,1800,15,928,2352,1250,315,3,50,0,6008,1338,7346,33,,,
2018,2018 Q3,July,Week 28,"Monday, July 9, 2018","Sunday, July 15, 2018",367,2,5958,28,472,3900,1813,15,931,2352,1253,317,2,50,0,6040,1338,7346,32,,,
2018,2018 Q3,July,Week 29,"Monday, July 16, 2018","Sunday, July 22, 2018",368,1,5980,22,472,3920,1830,15,936,2370,1254,318,1,50,0,6056,1343,7352,16,,,
2018,2018 Q3,July,Week 30,"Monday, July 23, 2018","Sunday, July 29, 2018",368,0,6130,150,473,3640,1870,16,939,2395,1258,319,1,50,0,6090,1348,7385,36,,,
2018,2018 Q3,August,Week 31,"Monday, July 30, 2018","Sunday, August 5, 2018",220,-148,6154,24,473,3669,1920,16,946,2408,1263,319,0,50,0,6104,1352,7456,14,,,
2018,2018 Q3,August,Week 32,"Monday, August 6, 2018","Sunday, August 12, 2018",221,1,6170,16,450,3677,1868,16,946,2404,1280,310,-9,50,0,6157,1365,7467,53,,,
2018,2018 Q3,August,Week 33,"Monday, August 13, 2018","Sunday, August 19, 2018",221,0,6189,19,455,3681,1870,16,947,2398,1350,300,-10,50,0,6180,1372,7528,23,,,
2018,2018 Q3,August,Week 34,"Monday, August 20, 2018","Sunday, August 26, 2018",221,0,7209,1020,458,3697,1883,16,948,2390,1470,289,-11,50,0,6220,1378,7577,40,,,
2018,2018 Q3,August,Week 35,"Monday, August 27, 2018","Sunday, September 2, 2018",223,2,7435,226,461,3712,1889,16,950,2396,2489,289,0,50,0,6298,1397,7620,78,,,
2018,2018 Q3,September,Week 36,"Monday, September 3, 2018","Sunday, September 9, 2018",225,2,7669,234,464,3733,1898,16,951,2398,2818,255,-34,50,0,6315,1402,7719,17,,,
2018,2018 Q3,September,Week 37,"Monday, September 10, 2018","Sunday, September 16, 2018",244,0,7686,17,466,3752,1901,16,962,2401,2829,194,-61,50,0,6377,1422,7799,62,,,
2018,2018 Q3,September,Week 38,"Monday, September 17, 2018","Sunday, September 23, 2018",244,0,7698,12,450,3820,1918,16,980,2530,2870,194,0,,,6380,1430,7810,3,,,
2018,2018 Q3,September,Week 39,"Monday, September 24, 2018","Sunday, September 30, 2018",245,1,7870,172,456,3876,1924,17,1021,2597,2930,194,0,,,6450,1449,7956,70,,,
2018,2018 Q4,October,Week 40,"Monday, October 1, 2018","Sunday, October 7, 2018",246,1,7985,115,465,3935,1933,18,1069,2659,3080,196,2,50,0,6504,1461,7965,54,,,
2018,2018 Q4,October,Week 41,"Monday, October 8, 2018","Sunday, October 14, 2018",249,3,7990,5,450,3943,1954,19,1071,2663,3081,196,0,,,6530,1473,8035,26,,,
2018,2018 Q4,October,Week 42,"Monday, October 15, 2018","Sunday, October 21, 2018",250,1,8021,31,468,3960,1938,21,1075,2666,3085,196,0,,,6610,1481,8093,80,,,
2018,2018 Q4,October,Week 43,"Monday, October 22, 2018","Sunday, October 28, 2018",253,3,8123,102,464,3975,1944,24,1080,2670,3089,203,7,50,0,6634,1489,8123,24,,,
2018,2018 Q4,November,Week 44,"Monday, October 29, 2018","Sunday, November 4, 2018",254,1,8128,5,464,3980,1946,26,1123,2671,3105,203,0,52,2,6671,1493,8164,37,,,
2018,2018 Q4,November,Week 45,"Monday, November 5, 2018","Sunday, November 11, 2018",257,3,8135,7,464,3984,1949,26,1178,2674,3134,203,0,55,0,6689,1497,8186,18,,,
2018,2018 Q4,November,Week 46,"Monday, November 12, 2018","Sunday, November 18, 2018",257,0,8148,13,460,3993,1951,30,1234,2677,3198,203,0,55,0,6720,1503,8223,31,,,
2018,2018 Q4,November,Week 47,"Monday, November 19, 2018","Sunday, November 25, 2018",257,3,8157,9,456,4002,1952,36,1277,2678,3258,195,-8,57,2,6751,1513,8264,31,,,
2018,2018 Q4,November,Week 48,"Monday, November 26, 2018","Sunday, December 2, 2018",257,0,8176,19,458,4058,1975,38,1295,2681,3290,195,0,59,2,6804,1521,8325,53,,,
2018,2018 Q4,December,Week 49,"Monday, December 3, 2018","Sunday, December 9, 2018",259,2,8180,4,460,4114,1987,40,1302,2684,3315,197,2,62,3,6825,1529,8354,21,,,
2018,2018 Q4,December,Week 50,"Monday, December 10, 2018","Sunday, December 16, 2018",260,1,8192,12,460,4113,1985,40,1308,2689,3321,197,0,62,1,6844,1537,8381,19,,,
2018,2018 Q4,December,Week 51,"Monday, December 17, 2018","Sunday, December 23, 2018",260,0,8200,8,460,4119,1983,40,1314,2696,3327,198,1,62,0,6867,1541,8408,23,,,
2018,2018 Q4,December,Week 52,"Monday, December 24, 2018","Sunday, December 30, 2018",261,1,8221,21,465,4139,1991,40,1314,2699,3327,199,1,62,0,6877,1544,8421,10,,,
2018,2019 Q1,January,Week 1,"Monday, December 31, 2018","Sunday, January 6, 2019",261,0,8223,2,465,4150,1988,41,1311,2699,3324,200,1,61,-1,6902,1547,8449,25,12817,2743,15560
2019,2019 Q1,January,Week 2,"Monday, January 7, 2019","Sunday, January 13, 2019",261,0,8256,33,465,4178,2019,41,1315,2700,3329,202,2,59,-2,6916,1552,8468,14,26633,5535,32168
2019,2019 Q1,January,Week 3,"Monday, January 14, 2019","Sunday, January 20, 2019",261,0,8281,25,466,4181,2024,42,1316,2720,3354,201,-1,59,0,6956,1561,8517,40,24548,5585,30133
2019,2019 Q1,January,Week 4,"Monday, January 21, 2019","Sunday, January 27, 2019",261,0,8295,14,466,4193,2030,44,1320,2721,3320,201,0,59,0,6985,1567,8552,29,15453,6327,21780
2019,2019 Q1,January,Week 5,"Monday, January 28, 2019","Sunday, February 3, 2019",265,4,8307,12,462,4211,2035,46,1326,2723,3143,203,2,62,3,7016,1574,8590,31,,6138,6138
2019,2019 Q1,February,Week 6,"Monday, February 4, 2019","Sunday, February 10, 2019",265,0,8311,4,463,4220,2034,46,2867,2726,3144,203,0,63,1,7055,1584,8639,39,6977,5684,12661
2019,2019 Q1,February,Week 7,"Monday, February 11, 2019","Sunday, February 17, 2019",266,1,8434,123,463,4350,2036,46,2950,2726,3250,203,0,64,1,7105,1593,8658,50,25921,6842,32763
2019,2019 Q1,February,Week 8,"Monday, February 18, 2019","Sunday, February 24, 2019",267,1,8566,132,463,4474,2038,46,3113,2727,3390,203,0,64,0,7112,1604,8716,7,25203,7252,32455
2019,2019 Q1,February,Week 9,"Monday, February 25, 2019","Sunday, March 3, 2019",268,1,8567,1,463,4477,2040,44,3115,2728,3392,203,0,64,0,7142,1615,8757,41,24599,6771,31370
2019,2019 Q1,March,Week 10,"Monday, March 4, 2019","Sunday, March 10, 2019",268,0,8773,206,464,4480,2041,44,3321,2932,3597,204,1,64,0,7160,1617,8777,18,19338,7391,26729
2019,2019 Q1,March,Week 11,"Monday, March 11, 2019","Sunday, March 17, 2019",269,1,8778,5,465,4486,2039,44,3321,2928,3391,204,0,65,1,7190,1619,8809,30,23010,7355,30365
2019,2019 Q1,March,Week 12,"Monday, March 18, 2019","Sunday, March 24, 2019",271,2,8793,15,465,4497,2043,44,3327,2930,3521,204,0,65,0,7206,1624,8830,16,20790,7860,28650
2019,2019 Q1,March,Week 13,"Monday, March 25, 2019","Sunday, March 31, 2019",271,0,8803,10,464,4506,2048,44,3332,2934,3601,205,1,66,1,7253,1629,8882,47,24870,7911,32781
2019,2019 Q2,April,Week 14,"Monday, April 1, 2019","Sunday, April 7, 2019",274,3,8823,20,462,4520,2056,44,3339,2937,3608,209,4,66,0,7301,1633,8934,48,26476,7767,34243
2019,2019 Q2,April,Week 15,"Monday, April 8, 2019","Sunday, April 14, 2019",276,2,8804,-21,462,4509,2058,44,3332,2929,3603,211,3,65,-1,7333,1642,8975,32,36393,8971,45364
2019,2019 Q2,April,Week 16,"Monday, April 15, 2019","Sunday, April 21, 2019",277,1,8819,15,462,4524,2059,44,3333,2930,3604,212,1,65,0,7377,1649,9026,44,32151,7950,40101
2019,2019 Q2,April,Week 17,"Monday, April 22, 2019","Sunday, April 28, 2019",277,0,8879,60,463,4590,2087,44,3340,2931,3615,212,0,65,0,7393,1651,9044,16,32593,7817,40410
2019,2019 Q2,April,Week 18,"Monday, April 29, 2019","Sunday, May 5, 2019",277,0,8907,28,463,4609,2109,44,3352,2932,3623,212,0,65,0,7423,1661,9084,30,33615,7574,41189
2019,2019 Q2,May,Week 19,"Monday, May 6, 2019","Sunday, May 12, 2019",278,1,8978,71,464,4620,1990,44,3349,3042,3625,213,1,,,7434,1665,9099,11,40436,8186,48622
2019,2019 Q2,May,Week 20,"Monday, May 13, 2019","Sunday, May 19, 2019",278,0,9130,152,464,4678,1994,44,3352,3254,3628,213,0,,,7492,1669,9161,58,32883,6921,39804
2019,2019 Q2,May,Week 21,"Monday, May 20, 2019","Sunday, May 26, 2019",279,1,9504,374,467,5266,1990,44,3359,3480,3633,213,0,,,7509,1674,9183,17,29274,7002,36276
2019,2019 Q2,May,Week 22,"Monday, May 27, 2019","Sunday, June 2, 2019",282,3,9604,100,467,5301,1988,44,3369,3610,3637,214,1,68,0,7522,1678,9200,13,24222,6349,30571
2019,2019 Q2,June,Week 23,"Monday, June 3, 2019","Sunday, June 9, 2019",282,0,9620,16,469,5350,1994,44,3372,3612,3640,214,0,68,0,7535,1684,9219,13,26870,6295,33165
2019,2019 Q2,June,Week 24,"Monday, June 10, 2019","Sunday, June 16, 2019",283,1,9673,53,471,5378,2000,44,3377,3615,3645,215,1,69,1,7579,1695,9274,44,31109,10820,41929
2019,2019 Q2,June,Week 25,"Monday, June 17, 2019","Sunday, June 23, 2019",283,0,9783,110,473,5430,2020,44,3385,3620,3650,216,0,68,-1,7605,1645,9250,26,38254,10604,48858
2019,2019 Q2,June,Week 26,"Monday, June 24, 2019","Sunday, June 30, 2019",284,1,9797,14,473,5501,2040,44,3389,3629,3661,217,1,68,0,7637,1719,9356,32,39157,7390,46547
2019,2019 Q3,July,Week 27,"Monday, July 1, 2019","Sunday, July 7, 2019",285,1,9807,10,472,5527,2050,45,3394,3631,3665,218,1,69,0,7657,1723,9380,20,26467,7306,33773
2019,2019 Q3,July,Week 28,"Monday, July 8, 2019","Sunday, July 14, 2019",285,0,9834,27,472,5536,2058,45,3398,3634,3669,218,0,69,0,7675,1728,9403,18,35491,7158,42649
2019,2019 Q3,July,Week 29,"Monday, July 15, 2019","Sunday, July 21, 2019",290,5,9850,16,472,5558,2070,45,3405,3637,3674,219,1,71,2,7694,1732,9426,19,28163,9150,37313
2019,2019 Q3,July,Week 30,"Monday, July 22, 2019","Sunday, July 28, 2019",290,0,9867,17,472,5598,2074,46,3430,3642,3654,219,0,71,0,7721,1747,9468,27,33982,7886,41868
2019,2019 Q3,July,Week 31,"Monday, July 29, 2019","Sunday, August 4, 2019",291,1,9891,24,472,5675,2076,47,3453,3651,3657,220,1,72,1,7734,1750,9484,13,31303,6997,38300
2019,2019 Q3,August,Week 32,"Monday, August 5, 2019","Sunday, August 11, 2019",292,1,10009,118,472,5686,2078,47,3537,3702,3317,220,1,72,0,7756,1756,9512,22,20945,6976,27921
2019,2019 Q3,August,Week 33,"Monday, August 12, 2019","Sunday, August 18, 2019",293,1,10017,8,471,5694,2082,47,3728,3768,3279,222,2,71,-1,7778,1758,9536,22,22148,6175,28323
2019,2019 Q3,August,Week 34,"Monday, August 19, 2019","Sunday, August 25, 2019",294,1,10051,34,471,5727,2111,48,3732,3771,3044,222,0,72,0,7801,1766,9567,23,26613,6599,33212
2019,2019 Q3,August,Week 35,"Monday, August 26, 2019","Sunday, September 1, 2019",294,0,10048,-3,471,5725,2109,48,3733,3770,,222,0,72,0,7822,1770,9592,21,27580,6399,33979
2019,2019 Q3,September,Week 36,"Monday, September 2, 2019","Sunday, September 8, 2019",294,0,10058,10,474,5832,2112,49,3736,3772,,222,0,72,0,7851,1782,9633,29,23262,7288,30550
2019,2019 Q3,September,Week 37,"Monday, September 9, 2019","Sunday, September 15, 2019",295,1,10087,29,492,5919,2131,50,3737,3791,4004,224,2,71,-1,7877,1784,9661,26,35846,6839,42685
2019,2019 Q3,September,Week 38,"Monday, September 16, 2019","Sunday, September 22, 2019",296,1,11089,2,493,6091,2138,51,4057,3828,4324,224,0,72,1,7901,1786,9687,24,48533,6894,55427
2019,2019 Q3,September,Week 39,"Monday, September 23, 2019","Sunday, September 29, 2019",296,0,11092,3,492,6093,2176,51,4057,4654,4564,224,0,72,0,7920,1796,9716,19,71645,6808,78453
2019,2019 Q4,October,Week 40,"Monday, September 30, 2019","Sunday, October 6, 2019",297,1,11156,64,495,6158,2204,51,4061,4781,4883,224,0,73,1,7954,1800,9754,34,58095,7492,65587
2019,2019 Q4,October,Week 41,"Monday, October 7, 2019","Sunday, October 13, 2019",298,1,11183,27,496,6213,2231,51,4203,4783,5329,225,1,73,0,8014,1814,9828,60,11895,8179,20074
2019,2019 Q4,October,Week 42,"Monday, October 14, 2019","Sunday, October 20, 2019",298,0,11204,21,496,6228,2286,52,4204,4787,5330,225,0,73,0,8038,1828,9866,24,23677,8060,31737
2019,2019 Q4,October,Week 43,"Monday, October 21, 2019","Sunday, October 27, 2019",301,3,11193,-11,497,6217,2313,52,4204,4789,5330,225,0,76,3,8080,1836,9916,42,74094,8459,82553
2019,2019 Q4,October,Week 44,"Monday, October 28, 2019","Sunday, November 3, 2019",301,0,11198,5,498,6233,2357,51,4225,4770,5353,226,1,75,-1,8143,1850,9993,63,57825,7483,65308
2019,2019 Q4,November,Week 45,"Monday, November 4, 2019","Sunday, November 10, 2019",301,0,11199,1,499,6239,2355,51,4226,4771,5353,226,0,75,0,8162,1854,10016,19,52340,8908,61248
2019,2019 Q4,November,Week 46,"Monday, November 11, 2019","Sunday, November 17, 2019",301,0,15791,4592,499,6259,2368,51,8770,6171,9928,227,1,74,-1,8227,1873,10100,65,44611,9451,54062
2019,2019 Q4,November,Week 47,"Monday, November 18, 2019","Sunday, November 24, 2019",301,0,15600,-191,501,6273,2382,51,8558,9148,9930,228,1,73,-1,8262,1882,10144,35,85733,16501,102234
2019,2019 Q4,November,Week 48,"Monday, November 25, 2019","Sunday, December 1, 2019",301,0,15624,24,501,6297,2401,52,8559,9147,9932,228,0,73,0,8280,1886,10166,18,61769,8370,70139
2019,2019 Q4,December,Week 49,"Monday, December 2, 2019","Sunday, December 8, 2019",301,0,16885,1261,503,7571,3655,51,8563,9147,9936,229,1,73,0,8349,1897,10246,69,59601,9238,68839
2019,2019 Q4,December,Week 50,"Monday, December 9, 2019","Sunday, December 15, 2019",302,1,17296,411,503,8004,4080,51,8565,9574,9938,229,0,73,0,8384,1907,10291,35,"47,764","8,133",55897
2019,2019 Q4,December,Week 51,"Monday, December 16, 2019","Sunday, December 22, 2019",303,1,17300,4,503,8006,4082,50,8566,9574,9938,230,1,73,0,8420,1912,10332,36,"58,643","7,179",65822
2019,2019 Q4,December,Week 52,"Monday, December 23, 2019","Sunday, December 29, 2019",304,1,17315,15,503,8009,4077,49,8566,9572,9940,231,1,73,0,8441,1918,10359,21,"44,845","4,350",49195
2020,2020 Q1,January,Week 1,"Monday, December 30, 2019","Sunday, January 5, 2020",304,0,17326,11,503,8010,4076,49,8566,9574,9943,231,0,73,0,8461,1924,10385,20,"36,625","4,109",40734
2020,2020 Q1,January,Week 2,"Monday, January 6, 2020","Sunday, January 12, 2020",305,1,17336,10,506,8024,4087,49,8562,9569,9936,231,0,74,1,8496,1932,10428,35,"38,788","7,763",46551
2020,2020 Q1,January,Week 3,"Monday, January 13, 2020","Sunday, January 19, 2020",305,0,17378,42,505,8076,4120,50,8570,9610,9943,232,1,72,-2,8520,1937,10457,24,"35,062","10,334",45396
2020,2020 Q1,January,Week 4,"Monday, January 20, 2020","Sunday, January 26, 2020",305,0,17425,47,503,8120,4179,51,8583,9681,9958,232,0,72,0,8569,1946,10515,49,"92,282","9,648",101930
2020,2020 Q1,January,Week 5,"Monday, January 27, 2020","Sunday, February 2, 2020",304,-1,17437,12,504,8037,4089,50,8650,9654,10027,234,2,70,-2,8628,1963,10591,59,"56,258","9,718",65976
2020,2020 Q1,February,Week 6,"Monday, February 3, 2020","Sunday, February 9, 2020",304,0,17449,12,504,8049,4093,50,8654,9653,10036,234,0,70,0,8648,1973,10621,20,"57,575","11,956",69531
2020,2020 Q1,February,Week 7,"Monday, February 10, 2020","Sunday, February 16, 2020",305,1,17467,16,507,8066,4094,50,8660,9653,10041,235,1,70,0,8711,1983,10694,63,"50,835","13,247",64082
2020,2020 Q1,February,Week 8,"Monday, February 17, 2020","Sunday, February 23, 2020",305,0,17479,12,509,8070,4096,51,8660,9655,10048,236,1,69,-1,8735,1993,10728,24,"49,632","12,451",62083
2020,2020 Q1,February,Week 9,"Monday, February 24, 2020","Sunday, March 1, 2020",305,0,17485,6,510,8076,4099,51,8750,9662,10176,236,0,70,1,8794,1996,10790,59,"75,532","12,168",87700
2020,2020 Q1,March,Week 10,"Monday, March 2, 2020","Sunday, March 8, 2020",307,2,17500,15,512,8080,4102,50,8813,9678,10212,236,0,72,2,8860,2014,10874,66,"50,558","14,997",65555
2020,2020 Q1,March,Week 11,"Monday, March 9, 2020","Sunday, March 15, 2020",310,3,17512,12,512,8090,4103,50,8818,9684,10222,237,1,73,1,8928,2032,10960,68,"99,345","20,147",119492
2020,2020 Q1,March,Week 12,"Monday, March 16, 2020","Sunday, March 22, 2020",312,2,17527,15,514,8110,4112,50,8821,9697,10225,237,0,75,2,9075,2065,11140,147,"52,542","44,591",97133
2020,2020 Q1,March,Week 13,"Monday, March 23, 2020","Sunday, March 29, 2020",314,2,17591,64,514,8163,4156,51,8824,9698,10226,241,4,73,-2,9176,2088,11264,101,"121,377","62,753",184130
2020,2020 Q2,April,Week 14,"Monday, March 30, 2020","Sunday, April 5, 2020",316,2,17635,44,515,8226,4156,51,9108,9722,10351,242,1,74,1,9288,2114,11402,112,"63,079","53,773",116852
2020,2020 Q2,April,Week 15,"Monday, April 6, 2020","Sunday, April 12, 2020",319,3,17498,-137,516,8656,4576,51,9105,8992,9555,243,1,76,2,9397,2129,11526,109,"53,043","50,391",103434
2020,2020 Q2,April,Week 16,"Monday, April 13, 2020","Sunday, April 19, 2020",320,1,17771,273,517,8926,4819,51,9119,9029,9570,243,0,77,1,9500,2154,11654,103,"93,878","46,033",139911
2020,2020 Q2,April,Week 17,"Monday, April 20, 2020","Sunday, April 26, 2020",321,1,17976,205,518,8985,4847,51,9287,9165,9648,242,-1,78,1,9578,2167,11745,78,"78,862","38,995",117857
2020,2020 Q2,April,Week 18,"Monday, April 27, 2020","Sunday, May 3, 2020",321,0,18119,143,520,9015,4874,51,9486,9232,9749,237,-5,84,6,9636,2181,11817,58,"81,843","32,875",114718
2020,2020 Q2,May,Week 19,"Monday, May 4, 2020","Sunday, May 10, 2020",322,1,18670,551,521,9360,5032,51,9503,9380,9840,245,8,79,5,9675,2190,11865,39,"86,291","29,092",115383
2020,2020 Q2,May,Week 20,"Monday, May 11, 2020","Sunday, May 17, 2020",324,2,18876,206,526,9452,5465,51,9532,9425,9906,247,2,78,1,9756,2201,11957,81,"105,120","26,568",131688
2020,2020 Q2,May,Week 21,"Monday, May 18, 2020","Sunday, May 24, 2020",325,1,19023,147,526,9857,5675,51,9605,9456,9932,249,2,76,-2,9820,2234,12054,64,"58,844","22,525",81369
2020,2020 Q2,May,Week 22,"Monday, May 25, 2020","Sunday, May 31, 2020",326,1,19297,274,528,9996,5820,51,9607,9456,9934,250,1,76,0,9846,2236,12082,26,"60,536","20,071",80607
2020,2020 Q2,June,Week 23,"Monday, June 1, 2020","Sunday, June 7, 2020",327,1,19310,13,528,9998,5833,53,9624,9465,9935,250,0,76,0,9876,2241,12117,30,"69,051","19,767",88818
2020,2020 Q2,June,Week 24,"Monday, June 8, 2020","Sunday, June 14, 2020",328,1,19352,42,529,10010,5851,53,9660,9491,9936,252,2,76,0,9944,2267,12211,68,"86,915","19,991",106906
2020,2020 Q2,June,Week 25,"Monday, June 15, 2020","Sunday, June 21, 2020",329,1,19370,18,531,10028,5864,53,9662,9491,9939,251,-1,78,2,9990,2277,12267,46,"48,609","19,240",67849
2020,2020 Q2,June,Week 26,"Monday, June 22, 2020","Sunday, June 28, 2020",329,0,20170,800,535,10841,9504,53,9721,9504,10112,253,2,76,-2,10030,2289,12319,40,"54,877","18,559",73436
2020,2020 Q3,July,Week 27,"Monday, June 29, 2020","Sunday, July 5, 2020",330,1,19409,-761,536,9874,5643,55,9547,9501,10109,254,1,75,-1,10089,2304,12393,59,"49,424","16,304",65728
2020,2020 Q3,July,Week 28,"Monday, July 6, 2020","Sunday, July 12, 2020",331,1,19416,7,536,10072,5874,55,9723,9510,10116,255,1,76,1,10114,2323,12437,25,"50,176","16,169",66345
2020,2020 Q3,July,Week 29,"Monday, July 13, 2020","Sunday, July 19, 2020",332,1,19418,2,537,10074,5879,54,9724,9511,10115,255,0,77,1,10168,2344,12512,54,"66,335","16,370",82705
2020,2020 Q3,July,Week 30,"Monday, July 20, 2020","Sunday, July 26, 2020",332,0,19436,18,537,10075,5891,54,9723,9525,10115,255,0,77,0,10195,2350,12545,27,"91,674","15,501",107175
2020,2020 Q3,July,Week 31,"Monday, July 27, 2020","Sunday, August 2, 2020",332,0,17630,-1818,537,10195,5790,54,7784,9633,8396,254,-1,78,1,10235,2362,12597,40,"55,290","13,703",68993
2020,2020 Q3,August,Week 32,"Monday, August 3, 2020","Sunday, August 9, 2020",332,0,17636,6,539,10205,5798,54,7790,9634,8402,255,1,77,-1,10270,2374,12644,35,"60,006","13,709",73715
2020,2020 Q3,August,Week 33,"Monday, August 10, 2020","Sunday, August 16, 2020",332,0,17643,7,542,10221,5803,55,7797,9631,8407,256,1,76,-1,10328,2382,12710,58,"64,906","14,223",79129
2020,2020 Q3,August,Week 34,"Monday, August 17, 2020","Sunday, August 23, 2020",333,1,17645,2,542,10222,5804,54,7797,9632,8406,255,-1,78,2,10378,2399,12777,50,"52,310","14,394",66704
2020,2020 Q3,August,Week 35,"Monday, August 24, 2020","Sunday, August 30, 2020",333,0,17654,9,543,10230,5806,54,7799,9631,8409,256,1,77,-1,10406,2407,12813,28,"67,334","13,012",80346
2020,2020 Q3,August,Week 36,"Monday, August 31, 2020","Sunday, September 6, 2020",333,0,17726,72,543,10297,5799,54,7783,9629,8410,257,1,76,-1,10463,2423,12886,57,"69,126","12,762",81888
2020,2020 Q3,September,Week 37,"Monday, September 7, 2020","Sunday, September 13, 2020",333,0,17772,46,543,10341,5798,56,7782,9628,8396,258,1,75,-1,10495,2426,12921,32,"52,118","13,081",65199
2020,2020 Q3,September,Week 38,"Monday, September 14, 2020","Sunday, September 20, 2020",333,0,17771,-1,542,10338,5797,56,7779,9620,8393,258,0,75,0,10549,2441,12990,54,"83,080","13,169",96249
2020,2020 Q3,September,Week 39,"Monday, September 21, 2020","Sunday, September 27, 2020",333,0,17774,3,542,10341,5798,59,7780,9621,8395,259,1,74,-1,10578,2447,13025,29,"46,944","15,616",62560
2020,2020 Q3,September,Week 40,"Monday, September 28, 2020","Sunday, October 4, 2020",334,1,17780,6,541,10345,5799,60,7788,9623,8397,259,0,75,1,10620,2454,13074,42,"51,101","16,385",67486
2020,2020 Q4,October,Week 41,"Monday, October 5, 2020","Sunday, October 11, 2020",334,0,17791,11,541,10356,5801,61,7789,9623,8399,260,1,74,-1,10664,2469,13133,44,"52,101","15,214",67315
2020,2020 Q4,October,Week 42,"Monday, October 12, 2020","Sunday, October 18, 2020",334,0,17796,5,541,10360,5802,61,7776,9633,8399,260,0,74,0,10726,2489,13215,62,"58,394","15,315",73709
2020,2020 Q4,October,Week 43,"Monday, October 19, 2020","Sunday, October 25, 2020",334,0,17802,6,541,10372,5807,61,7778,9634,8401,260,0,74,0,10764,2493,13257,38,"67,621","15,297",82918
2020,2020 Q4,October,Week 44,"Monday, October 26, 2020","Sunday, November 1, 2020",336,2,17824,22,541,10383,5812,61,7781,9637,8405,261,1,75,1,10806,2508,13314,42,"52,121","14,883",67004
2020,2020 Q4,November,Week 45,"Monday, November 2, 2020","Sunday, November 8, 2020",336,0,17850,26,542,10395,4960,64,7784,9647,8408,261,0,75,0,10902,2523,13425,96,"53,107","14,852",67959
2020,2020 Q4,November,Week 46,"Monday, November 9, 2020","Sunday, November 15, 2020",336,0,17876,26,544,10401,5210,64,7788,9675,8412,261,0,75,0,10967,2536,13503,65,"50,543","15,875",66418
2020,2020 Q4,November,Week 47,"Monday, November 16, 2020","Sunday, November 22, 2020",336,0,17900,24,545,10413,4204,69,7790,9684,8417,261,0,75,0,11002,2547,13549,35,"56,131","17,799",73930
2020,2020 Q4,November,Week 48,"Monday, November 23, 2020","Sunday, November 29, 2020",337,1,18035,135,545,10487,4338,69,7793,9723,8420,261,0,76,1,11054,2552,13606,52,"71,950","15,795",87745
2020,2020 Q4,November,Week 49,"Monday, November 30, 2020","Sunday, December 6, 2020",338,1,18176,141,544,10674,4455,69,7794,9889,8425,261,0,77,1,11093,2569,13662,39,"66,527","19,152",85679
2020,2020 Q4,December,Week 50,"Monday, December 7, 2020","Sunday, December 13, 2020",338,0,18187,11,545,10683,4444,70,7794,9903,8426,262,1,76,-1,11125,2587,13712,32,"66,176","17,427",83603
2020,2020 Q4,December,Week 51,"Monday, December 14, 2020","Sunday, December 20, 2020",338,0,18193,6,546,10686,4454,70,7797,9944,8433,264,2,74,-2,11190,2612,13802,65,"52,838","15,241",68079
2020,2020 Q4,December,Week 52,"Monday, December 21, 2020","Sunday, December 27, 2020",338,0,18197,4,545,10690,4460,71,7797,9944,8433,264,0,74,0,11210,2620,13830,20,"53,670","10,692",64362
2020,2020 Q4,December,Week 53,"Monday, December 28, 2020","Sunday, January 3, 2021",338,0,18206,9,545,10694,4464,71,7798,9944,8433,264,0,74,0,11248,2638,13886,38,"37,752","9,956",47708
2021,2021 Q1,January,Week 1,"Monday, January 4, 2021","Sunday, January 10, 2021",339,1,18191,-15,545,10679,4452,71,7800,9944,8435,264,0,75,1,11283,2650,13933,35,"58,090","14,272",72362
2021,2021 Q1,January,Week 2,"Monday, January 11, 2021","Sunday, January 17, 2021",340,1,18198,7,545,10687,4450,71,8005,9945,8435,265,1,75,0,11332,2660,13992,49,"115,160","14,491",129651
2021,2021 Q1,January,Week 3,"Monday, January 18, 2021","Sunday, January 24, 2021",340,0,18215,17,546,10708,4446,71,8008,9945,8438,265,0,75,0,11407,2691,14098,75,"54,290","15,448",69738
2021,2021 Q1,January,Week 4,"Monday, January 25, 2021","Sunday, January 31, 2021",340,0,18226,9,546,10711,4409,71,8009,9945,8439,265,0,75,0,11438,2699,14137,31,"77,338","17,039",94377
2021,2021 Q1,February,Week 5,"Monday, February 1, 2021","Sunday, February 7, 2021",340,0,18285,,546,10768,4407,71,8011,9945,8440,265,0,75,0,11482,2703,14185,44,"90,232","15,415",105647
2021,2021 Q1,February,Week 6,"Monday, February 8, 2021","Sunday, February 14, 2021",340,0,18333,,546,10817,4402,72,8013,9945,8443,265,0,75,0,11524,2728,14252,42,"60,961","15,596",76557
2021,2021 Q1,February,Week 7,"Monday, February 15, 2021","Sunday, February 21, 2021",343,2,18251,,546,10727,4134,72,7868,9795,8298,267,2,76,1,11593,2746,14339,,"99,903","16,448",116351
2021,2021 Q1,February,Week 8,"Monday, February 22, 2021","Sunday, February 28, 2021",343,0,18256,,,,,,,,8305,,,,,12010,,,,"90,347","15,747",106094
2021,2021 Q1,March,Week 9,"Monday, March 1, 2021","Sunday, March 7, 2021",345,2,18718,,,,,,,,8310,,,,,12020,,,,"87,541","16,306",103847
2021,2021 Q1,March,Week 10,"Monday, March 8, 2021","Sunday, March 14, 2021",346,1,18833,,,,,,,,8316,,,,,12028,,,,"88,746","16,989",105735
2021,2021 Q1,March,Week 11,"Monday, March 15, 2021","Sunday, March 21, 2021",346,0,18920,,,,,,,,8324,,,,,12060,,,,"68,357","17,143",85500
2021,2021 Q1,March,Week 12,"Monday, March 22, 2021","Sunday, March 28, 2021",346,0,18959,,,,,,,,8326,,,,,12081,,,,"65,321","16,500",81821
2021,2021 Q1,March,Week 13,"Monday, March 29, 2021","Sunday, April 4, 2021",293,-53,19004,,,,,,,,8336,,,,,12105,,,,"92,033","17,693",109726
2021,2021 Q2,April,Week 14,"Monday, April 5, 2021","Sunday, April 11, 2021",293,0,19079,,,,,,,,8343,,,,,12130,,,,"60,231","16,169",76400
2021,2021 Q2,April,Week 15,"Monday, April 12, 2021","Sunday, April 18, 2021",294,1,19066,,,,,,,,8360,,,,,12146,,,,"55,312","15,960",71272
2021,2021 Q2,April,Week 16,"Monday, April 19, 2021","Sunday, April 25, 2021",294,0,19055,,,,,,,,8365,,,,,12165,,,,"89,741","17,351",107092
2021,2021 Q2,April,Week 17,"Monday, April 26, 2021","Sunday, May 2, 2021",296,2,19057,,,,,,,,8369,,,,,12178,,,,"54,767","15,700",70467
2021,2021 Q2,May,Week 18,"Monday, May 3, 2021","Sunday, May 9, 2021",296,0,19058,,,,,,,,8376,,,,,12190,,,,"50,887","14,440",65327
2021,2021 Q2,May,Week 19,"Monday, May 10, 2021","Sunday, May 16, 2021",296,0,19044,,,,,,,,8379,,,,,12205,,,,"50,193","14,157",64350
2021,2021 Q2,May,Week 20,"Monday, May 17, 2021","Sunday, May 23, 2021",296,0,19025,,,,,,,,8382,,,,,12215,,,,"62,350","15,548",77898
2021,2021 Q2,May,Week 21,"Monday, May 24, 2021","Sunday, May 30, 2021",350,0,19068,43,554,11507,4386,62,7949,9881,8385,272,,78,,12220,2932,15152,,"58,834","15,043",73877
2021,2021 Q2,June,Week 22,"Monday, May 31, 2021","Sunday, June 6, 2021",352,0,19076,8,554,11523,4384,62,7951,9881,8387,,,,,12250,2940,15190,,"61,313","14,463",75776
2021,2021 Q2,June,Week 23,"Monday, June 7, 2021","Sunday, June 13, 2021",352,0,19085,9,554,11546,4381,62,7951,9881,8389,,,,,12276,2953,15229,,"53,838","15,785",69623
2021,2021 Q2,June,Week 24,"Monday, June 14, 2021","Sunday, June 20, 2021",352,0,19114,29,554,11572,4378,63,7954,9881,8390,,,,,12330,2967,15297,,"75,737","14,733",90470
2021,2021 Q2,June,Week 25,"Monday, June 21, 2021","Sunday, June 27, 2021",352,0,19122,8,555,11578,4373,63,7954,9881,8396,,,,,12390,2976,15366,,"71,603","14,926",86529
2021,2021 Q2,June,Week 26,"Monday, June 28, 2021","Sunday, July 4, 2021",352,0,19128,6,555,11587,4376,63,7956,9881,8396,,,,,12410,2982,15392,,"56,647","13,371",70018
2021,2021 Q3,July,Week 27,"Monday, July 5, 2021","Sunday, July 11, 2021",352,0,19143,15,555,11593,4380,63,7959,9881,8398,,,,,12458,2987,15445,,"58,117","14,736",72853
2021,2021 Q3,July,Week 28,"Monday, July 12, 2021","Sunday, July 18, 2021",352,0,19160,17,557,11598,4382,63,7959,9881,8399,,,,,12480,2992,15472,,"119,708","14,193",133901
2021,2021 Q3,July,Week 29,"Monday, July 19, 2021","Sunday, July 25, 2021",352,0,19156,-4,557,11506,4360,63,7958,9878,8350,,,,,12530,3021,15551,,"104,754","14,016",118770
2021,2021 Q3,July,Week 30,"Monday, July 26, 2021","Sunday, August 1, 2021",352,0,19171,15,556,11409,4431,65,7956,9757,8322,274,,,,12563,3057,15620,,"95,629","14,429",110058
2021,2021 Q3,August,Week 31,"Monday, August 2, 2021","Sunday, August 8, 2021",353,1,19180,9,556,11420,211,63,7945,9740,8325,274,,,,12587,3070,15657,,"64,873","15,301",80174
2021,2021 Q3,August,Week 32,"Monday, August 9, 2021","Sunday, August 15, 2021",353,0,19100,-80,530,,,,,,8300,,,,,12608,,,,"49,690","14,534",64224
2021,2021 Q3,August,Week 33,"Monday, August 16, 2021","Sunday, August 22, 2021",353,0,19132,32,538,,,,,,8276,,,,,12648,,,,"163,892","15,151",179043
2021,2021 Q3,August,Week 34,"Monday, August 23, 2021","Sunday, August 29, 2021",354,1,18978,,543,11537,211,58,7992,9816,8207,276,0,78,0,12687,3094,15781,,"89,081","15,123",104204
2021,2021 Q3,August,Week 35,"Monday, August 30, 2021","Sunday, September 5, 2021",354,0,19005,27,554,11560,211,58,7988,9820,8212,276,0,78,0,12710,3101,15811,,"50,519","13,838",64357
2021,2021 Q4,September,Week 36,"Monday, September 6, 2021","Sunday, September 12, 2021",355,1,19008,3,554,11554,208,59,7981,9821,8205,276,0,79,1,12734,3110,15844,,"46,018","15,123",61141
2021,2021 Q4,September,Week 37,"Monday, September 13, 2021","Sunday, September 19, 2021",355,0,19020,,,,,,,,8190,,,,,,,,,"49,168","16,059",65227
2021,2021 Q4,September,Week 38,"Monday, September 20, 2021","Sunday, September 26, 2021",356,1,19035,,,,,,,,8210,,,,,,,,,"99,092","15,845",114937
2021,2021 Q4,September,Week 39,"Monday, September 27, 2021","Sunday, October 3, 2021",356,0,19050,,,,,,,,8239,,,,,,,,,"67,382","15,706",83088
2021,2021 Q4,October,Week 40,"Monday, October 4, 2021","Sunday, October 10, 2021",356,0,18020,,,,,,,,8248,,,,,,,,,"57,140","16,074",73214
2021,2021 Q4,October,Week 41,"Monday, October 11, 2021","Sunday, October 17, 2021",356,0,18010,,,,,,,,8254,,,,,,,,,"102,103","15,909",118012
2021,2021 Q4,October,Week 42,"Monday, October 18, 2021","Sunday, October 24, 2021",356,0,17887,,,,,,,,8268,,,,,,,,,"92,460","17,091",109551
2021,2021 Q4,October,Week 43,"Monday, October 25, 2021","Sunday, October 31, 2021",356,0,17920,,,,,,,,8270,,,,,,,,,"152,550","17,021",169571
2021,2021 Q4,November,Week 44,"Monday, November 1, 2021","Sunday, November 7, 2021",356,0,17948,,,,,,,,8276,,,,,,,,,"123,722","16,937",140659
2021,2021 Q4,November,Week 45,"Monday, November 8, 2021","Sunday, November 14, 2021",356,0,17976,,,,,,,,8294,,,,,,,,,"102,591","16,422",119013
2021,2021 Q4,November,Week 46,"Monday, November 15, 2021","Sunday, November 21, 2021",357,1,17987,,,,,,,,8308,,,,,,,,,"99,646","17,111",116757
2021,2021 Q4,November,Week 47,"Monday, November 22, 2021","Sunday, November 28, 2021",358,1,18020,,,,,,,,8310,,,,,,,,,"116,540","18,528",135068
2021,2021 Q4,November,Week 48,"Monday, November 29, 2021","Sunday, December 5, 2021",358,0,18146,,545,10982,190,60,7998,9540,8311,278,,79,,13198,3220,16418,,"107,654","16,912",124566
2021,2021 Q4,December,Week 49,"Monday, December 6, 2021","Sunday, December 12, 2021",358,0,18150,,550,11020,195,60,8002,9565,8316,279,,79,,13221,3250,16471,,"134,222","16,162",150384
2021,2021 Q4,December,Week 50,"Monday, December 13, 2021","Sunday, December 19, 2021",358,0,18164,,550,11033,196,61,8014,9586,8324,279,,79,,13266,3279,16545,,"106,230","14,286",120516
2021,2021 Q4,December,Week 51,"Monday, December 20, 2021","Sunday, December 26, 2021",358,0,18342,,600,10949,196,63,7845,9593,8243,,,,,,,,,"104,684","11,530",116214
2021,2021 Q4,December,Week 52,"Monday, December 27, 2021","Sunday, January 2, 2022",358,0,18463,,,,196,67,7859,10041,,278,,80,,,,,,"87,970","9,911",97881
2022,2022 Q1,January,Week 1,"Monday, January 3, 2022","Sunday, January 9, 2022",358,0,18503,,,,196,67,7882,10023,,280,,78,,,,,,"111,226","12,808",124034
2022,2022 Q1,January,Week 2,"Monday, January 10, 2022","Sunday, January 16, 2022",358,0,18625,,,,196,67,7886,10026,,280,,78,,,,,,"99,841","14,388",114229
2022,2022 Q1,January,Week 3,"Monday, January 17, 2022","Sunday, January 23, 2022",359,1,18627,,,,196,67,7928,10026,,280,,79,,,,,,"118,719","16,338",135057
2022,2022 Q1,January,Week 4,"Monday, January 24, 2022","Sunday, January 30, 2022",360,1,18658,,,,196,67,7996,10026,,281,,79,,,,,,"93,918","15,935",109853
2022,2022 Q1,January,Week 5,"Monday, January 31, 2022","Sunday, February 6, 2022",361,1,18684,,,,196,67,8058,10026,,280,,81,,,,,,"105,729","16,208",121937
2022,2022 Q1,February,Week 6,"Monday, February 7, 2022","Sunday, February 13, 2022",361,0,18733,,,,196,67,8061,10027,,280,,81,,,,,,"157,317","16,582",173899
2022,2022 Q1,February,Week 7,"Monday, February 14, 2022","Sunday, February 20, 2022",360,-1,18845,,,,196,67,8062,10147,,280,,80,,,,,,"115,406","16,944",132350
2022,2022 Q1,February,Week 8,"Monday, February 21, 2022","Sunday, February 27, 2022",360,0,18847,,,,196,67,8063,10149,,280,,80,,,,,,"88,915","17,693",106608
2022,2022 Q1,February,Week 9,"Monday, February 28, 2022","Sunday, March 6, 2022",361,1,18848,,,,196,69,8061,10149,,280,,81,,,,,,"85,567","17,998",103565
2022,2022 Q1,March,Week 10,"Monday, March 7, 2022","Sunday, March 13, 2022",362,1,18870,,,,196,69,8068,10149,,280,,82,,,,,,"87,141","19,240",106381
2022,2022 Q1,March,Week 11,"Monday, March 14, 2022","Sunday, March 20, 2022",363,1,18879,,,,8304,69,8073,10160,,279,,84,,,,,,"105,271","18,501",123772
2022,2022 Q1,March,Week 12,"Monday, March 21, 2022","Sunday, March 27, 2022",364,1,18914,,,,8335,70,8060,10180,,282,,82,,,,,,"84,469","18,548",103017
2022,2022 Q1,March,Week 13,"Monday, March 28, 2022","Sunday, April 3, 2022",364,0,18920,,,,8337,70,8065,10182,,283,,81,,,,,,"97,074","18,029",115103
2022,2022 Q2,April,Week 14,"Monday, April 4, 2022","Sunday, April 10, 2022",364,0,18970,,,,8355,70,8069,10191,,283,,81,,,,,,"79,714","19,434",99148
2022,2022 Q2,April,Week 15,"Monday, April 11, 2022","Sunday, April 17, 2022",364,0,19218,,,,8599,72,8069,10194,,283,,81,,,,,,"79,681","16,516",96197
2022,2022 Q2,April,Week 16,"Monday, April 18, 2022","Sunday, April 24, 2022",365,1,19222,,,,8599,76,8071,10197,,284,,81,,,,,,"74,446","17,787",92224
2022,2022 Q2,April,Week 17,"Monday, April 25, 2022","Sunday, May 1, 2022",366,1,19006,,,,8599,76,8073,10194,,284,,82,,,,,,"92,191","17,937",110150
2022,2022 Q2,May,Week 18,"Monday, May 2, 2022","Sunday, May 8, 2022",366,0,19011,,,,8602,76,8076,10195,,285,,81,,,,,,"72,045","15,331",87369
2022,2022 Q2,May,Week 19,"Monday, May 9, 2022","Sunday, May 15, 2022",366,0,19031,,,,8603,76,8077,10197,,286,,80,,,,,,"82,336","17,238",99573
2022,2022 Q2,May,Week 20,"Monday, May 16, 2022","Sunday, May 22, 2022",365,-1,19031,,,,8605,76,8074,10197,,286,,79,,,,,,"13,839","16,337",30176
2022,2022 Q2,May,Week 21,"Monday, May 23, 2022","Sunday, May 29, 2022",365,0,19006,,,,8576,76,8077,10194,,286,,79,,,,,,,"15,661",15661
